DepartureCitycode,ArrivalCitycode,Numberofconnections
DFW,DTW,0
ORD,BNA,0
IND,DFW,0
MCI,PHL,1
DTW,HOU,0
OMA,LAX,0
MSY,WAS,1
DEN,MCI,0
LAX,DEN,0
DTW,ATL,0
RDU,MSY,2
TPA,DFW,0
SMF,BNA,1
MSY,SFO,0
MSP,LAS,0
DEN,PDX,0
MIA,DEN,0
BOS,AUS,0
PHX,MIA,0
OMA,NYC,2
ORD,TUL,0
NYC,RDU,0
DEN,OMA,0
MSP,MEM,0
WAS,DTW,0
MCI,PHX,1
SFO,SAN,0
MCI,ATL,0
ORD,SFO,0
CMH,LAX,2
MSY,LAX,0
TPA,SEA,2
DFW,CMH,0
DFW,DTW,0
BOS,SEA,0
HOU,SAT,0
DFW,ABQ,0
LAS,LAX,0
PDX,MSY,2
HOU,MEM,0
OKC,ATL,2
AUS,MIA,0
MIA,AUS,0
BOS,MIA,0
LAX,IND,0
SEA,SFO,0
MCI,DEN,0
NYC,JAX,0
JAX,ORD,0
ORD,AUS,0
DEN,MSP,0
BOS,NYC,0
MSY,LAX,0
OMA,SAN,0
AUS,OKC,2
CMH,CLT,0
MSY,ATL,0
RDU,ORD,0
ABQ,PHX,0
PHF,WAS,0
DFW,SFO,1
DEN,PHL,1
LAX,DTW,0
LAS,HOU,0
DFW,HOU,0
ORD,ELP,0
PHX,MSY,0
SFO,DEN,0
NYC,SAT,2
SAT,MSP,2
ATL,WAS,0
LAX,TUL,2
PHF,BNA,2
DEN,MSY,1
ABQ,WAS,0
CMH,LAX,2
SMF,DFW,0
AUS,BNA,0
SAN,SFO,0
NYC,OKC,2
RDU,BNA,0
SFO,ABQ,1
OKC,NYC,0
ABQ,MCI,0
DFW,SDF,0
AUS,PDX,2
MSP,PHX,0
MEM,ORD,0
MSY,ORD,0
SAN,DFW,0
SAN,MIA,0
SFO,DTW,2
SFO,ABQ,2
DEN,ORD,0
ORD,DFW,0
BNA,OMA,2
DEN,JAX,0
AUS,TPA,1
CLT,DFW,0
WAS,SEA,0
LAX,RDU,2
PHX,SEA,0
SAT,LAX,0
RDU,MSY,2
PDX,SAN,0
CMH,MIA,0
ORD,OMA,0
PDX,PHX,1
MIA,LAS,0
NYC,BNA,0
PHX,MCI,0
DTW,MIA,0
SFO,MIA,0
IND,SFO,0
MKE,MSY,2
MCI,NYC,0
CMH,SFO,2
MSY,LAS,0
TPA,SAT,0
MSY,LAS,0
MSP,LAX,0
LAX,TUS,0
LAS,MIA,0
HOU,PDX,0
TPA,CLT,0
SMF,ATL,0
NYC,MIA,0
LAX,CLT,2
AUS,ATL,0
OMA,ORD,0
MKE,ATL,0
SMF,ORD,1
BNA,CLT,0
WAS,AUS,0
MCI,DEN,0
CMH,SAN,2
DTW,MCI,0
PDX,NYC,1
PDX,MSY,2
IND,WAS,2
MCI,MSP,0
MEM,MIA,2
NYC,ATL,0
SEA,LAS,0
PDX,PHX,2
PHX,BOS,1
MIA,BNA,0
SMF,SAT,2
RDU,IND,0
SMF,MIA,2
PDX,ATL,0
BNA,AUS,0
PHX,RDU,2
ATL,MIA,0
LAS,WAS,1
LAX,MCI,0
DFW,MCI,0
MCI,BOS,1
SAN,NYC,1
SEA,NYC,0
DEN,ABQ,0
ORD,ATL,0
MIA,DEN,0
BOS,CLT,0
ORD,RDU,0
HOU,LAX,0
IND,NYC,2
ORD,DEN,0
AUS,BOS,0
SDF,WAS,0
WAS,MKE,0
DTW,OMA,0
DTW,DEN,0
TPA,SFO,2
LAS,SFO,0
TPA,PHX,0
DFW,JAX,1
SAN,MSY,2
MCI,NYC,1
LAX,DFW,0
TPA,MSY,0
JAX,MEM,2
SDF,LAS,1
ATL,DEN,0
AUS,HOU,0
ATL,NYC,0
MIA,SFO,0
PHF,MIA,0
PHL,MIA,0
LAX,NYC,0
LAX,ABQ,2
MIA,MSY,0
ORD,JAX,0
CLT,LAX,0
HOU,BNA,0
NYC,MSP,0
ORD,NYC,0
CMH,SFO,2
SFO,MCI,2
DFW,ATL,0
TPA,LAX,0
HOU,WAS,0
CMH,MIA,2
LAX,IND,2
MCI,NYC,2
SFO,PHX,0
SAT,WAS,0
DTW,SEA,0
TPA,ORD,0
SEA,MIA,2
PHL,LAS,0
BNA,HOU,1
ORD,JAX,1
MSY,SAT,1
OKC,DFW,0
DFW,LAX,0
SDF,CLT,0
NYC,SFO,0
PDX,SEA,0
MSP,DFW,0
BOS,SAT,2
OMA,CLT,0
ORD,MEM,0
DEN,PDX,0
BOS,DEN,0
SAT,PHX,0
IND,MIA,0
ATL,DFW,0
ORD,PDX,0
WAS,SEA,2
SFO,CLT,0
ATL,MCI,0
WAS,ABQ,2
DFW,DTW,0
WAS,SDF,0
ATL,PDX,0
PHX,BNA,2
SAN,BOS,2
DEN,MEM,0
SAN,DEN,0
LAX,PHL,2
PHX,SAT,0
TUL,NYC,2
PDX,DEN,0
PDX,BOS,2
LAX,HOU,0
RDU,AUS,2
PHF,LAS,2
MSY,ORD,0
SAN,DTW,0
DTW,SEA,0
MIA,JAX,0
BOS,MCI,0
BOS,RDU,0
PHX,DFW,0
MSY,MSP,0
TUL,TPA,2
LAX,OMA,0
DEN,PHL,0
BOS,ORD,0
MIA,HOU,0
PHL,SMF,2
WAS,TUS,2
DTW,PDX,1
MIA,LAS,0
TPA,PHL,0
LAX,WAS,0
MCI,PHL,2
CMH,DEN,0
BOS,MCI,0
LAX,TUS,0
SAN,WAS,0
DEN,DFW,0
SMF,NYC,1
SAN,MIA,1
SAN,NYC,0
RDU,MCI,2
NYC,SEA,0
JAX,BOS,2
DFW,TUL,0
HOU,ORD,0
PHX,WAS,2
ATL,MIA,0
PHL,PDX,2
SMF,DEN,0
MIA,SFO,2
LAS,PHL,0
TPA,LAX,1
LAX,MSY,2
ORD,NYC,0
AUS,NYC,2
ELP,HOU,0
ATL,PHX,0
BOS,MSP,0
TUL,SFO,2
ORD,SEA,0
WAS,PDX,0
ORD,MIA,0
JAX,MIA,0
WAS,MSP,0
LAS,MSP,0
CMH,MIA,1
MKE,MIA,2
BNA,MSP,0
ORD,SDF,0
ABQ,SEA,2
DFW,CMH,1
SAN,MIA,2
BOS,DTW,0
DTW,LAX,0
SAN,ATL,0
LAS,PDX,0
OMA,TPA,2
LAX,ORD,1
LAS,DFW,0
DTW,HOU,0
MEM,WAS,1
DFW,DTW,0
NYC,PHF,0
ABQ,BNA,2
SAT,SEA,2
BNA,DTW,0
CLT,TPA,0
CMH,PHX,0
WAS,HOU,0
DTW,SAN,2
PDX,SFO,0
OMA,PHL,0
TPA,BNA,0
ATL,ORD,0
WAS,OMA,0
RDU,SFO,1
MSP,OMA,0
OKC,ORD,1
DEN,AUS,0
MIA,SFO,2
TUL,LAX,2
WAS,PHX,0
SFO,MSP,0
CLT,SFO,0
SAT,MSY,1
MSP,JAX,0
MSY,PHX,0
BNA,SEA,0
PHX,ORD,0
DEN,BOS,0
MKE,BOS,0
TPA,SFO,2
MSP,SDF,0
SAN,CMH,2
LAX,PDX,0
MSP,MCI,0
SAT,BOS,2
TPA,LAS,2
AUS,SAN,0
OKC,SMF,2
DFW,SAN,0
PDX,ABQ,2
JAX,DTW,0
DTW,MIA,0
SMF,ORD,0
WAS,SFO,1
LAX,LAS,0
DFW,SEA,0
SAT,LAX,1
WAS,ATL,0
WAS,ABQ,2
ABQ,NYC,0
AUS,WAS,0
LAS,TPA,0
SAN,MIA,2
DFW,BOS,1
AUS,SFO,2
TUS,SFO,1
PHL,ABQ,2
AUS,MSY,0
MSP,TPA,0
IND,BOS,0
NYC,LAS,0
WAS,MSY,0
MIA,CMH,0
SFO,NYC,0
WAS,SMF,2
HOU,SEA,0
ABQ,SAN,0
OMA,WAS,1
MCI,CMH,2
MIA,MSP,0
CMH,SAT,2
JAX,SEA,2
LAX,SAT,0
WAS,ATL,0
MSP,SEA,0
ORD,SAN,0
ORD,ATL,0
NYC,MCI,0
SEA,MSY,0
SDF,SFO,2
MSY,MIA,0
ORD,JAX,0
RDU,LAX,0
MIA,SEA,1
ORD,DTW,0
TUS,NYC,2
DEN,WAS,0
ELP,SAN,0
PHF,JAX,2
BNA,PHX,1
SFO,MCI,0
MKE,SAN,2
PHX,NYC,0
COS,HOU,0
ATL,LAS,0
MCI,ATL,0
NYC,PHX,0
ATL,OMA,0
ATL,TPA,0
CLT,PHX,0
IND,LAX,0
PHL,BOS,0
SMF,MSY,2
MIA,LAX,2
DEN,TUL,0
PHL,MIA,0
MSP,ORD,0
SAN,ATL,1
JAX,WAS,0
SMF,ORD,0
SAN,NYC,2
TPA,DTW,0
LAX,PDX,0
PHX,DTW,0
NYC,LAX,0
RDU,MKE,2
LAX,ELP,0
WAS,LAX,0
SFO,TUS,1
MSY,LAX,1
PDX,CLT,2
DTW,RDU,0
ORD,MSY,0
SAT,SMF,2
LAX,SEA,0
DTW,SAN,0
PHX,HOU,0
LAS,DEN,0
PDX,WAS,2
OKC,WAS,1
PHX,LAX,0
MSP,ABQ,0
BOS,MCI,1
DEN,SAN,0
WAS,COS,2
PHF,MSY,2
MEM,NYC,0
DTW,BNA,0
PHX,JAX,2
DFW,BOS,1
SFO,ORD,0
ATL,BNA,0
DEN,JAX,1
ORD,MEM,0
BOS,TPA,1
PHF,SAT,2
ABQ,MIA,2
WAS,MIA,0
MSP,TPA,0
LAX,ABQ,2
MKE,LAS,0
MIA,PHF,0
LAX,LAS,0
AUS,SMF,0
TUS,SFO,0
MSY,NYC,2
AUS,MSY,1
HOU,DTW,0
COS,LAX,0
LAX,RDU,2
HOU,RDU,0
HOU,LAX,0
SFO,IND,1
WAS,MCI,0
PHL,MSY,0
WAS,LAX,0
BOS,CMH,0
DTW,ORD,0
MSY,BOS,0
LAX,NYC,0
ABQ,DEN,0
SMF,WAS,2
AUS,ORD,0
DEN,BOS,2
LAS,OKC,0
BNA,BOS,0
OKC,NYC,2
DTW,IND,0
MSP,WAS,0
ATL,MSY,0
OKC,LAS,2
BNA,RDU,0
MIA,MCI,0
SFO,ORD,0
SAT,MSY,0
NYC,DFW,0
TUL,HOU,0
MIA,HOU,0
LAS,SEA,0
SEA,LAS,0
PHF,DTW,0
ORD,SFO,0
SAT,PHL,2
AUS,SEA,2
PHX,BOS,2
AUS,LAS,0
ORD,BOS,0
HOU,DFW,0
DFW,ELP,0
SFO,SEA,0
PHL,LAX,2
MSP,MIA,0
BOS,PHX,0
CLT,AUS,0
MSY,WAS,0
SFO,BOS,0
SEA,ORD,0
HOU,SMF,2
SMF,WAS,2
ATL,BOS,0
MKE,DTW,0
RDU,MIA,0
SAN,LAS,0
NYC,PHX,0
RDU,SAN,2
LAX,MCI,0
BNA,MSP,1
DFW,PHL,0
DEN,SMF,0
DEN,MSP,0
SDF,TPA,0
SAT,MEM,2
BNA,ORD,0
DEN,AUS,0
ORD,DTW,0
HOU,RDU,0
OKC,DEN,0
ORD,CMH,0
SFO,OKC,2
DFW,CLT,0
IND,SEA,1
MIA,ORD,0
FAT,DEN,0
WAS,DEN,0
LAS,MIA,0
HOU,TUL,0
DEN,PHX,0
ATL,ABQ,0
LAX,CMH,1
PHL,MCI,0
TPA,DEN,0
SFO,MKE,2
SAN,MCI,1
SFO,MIA,0
SEA,SFO,0
ABQ,PHL,2
WAS,SAT,2
SEA,ORD,0
OMA,WAS,2
LAS,AUS,0
SAT,ATL,0
SAN,PDX,0
MSY,SFO,0
ORD,TUS,0
MCI,MIA,0
MKE,SEA,0
MIA,ORD,0
MKE,LAX,2
DEN,HOU,0
NYC,BOS,0
RDU,DEN,2
NYC,PHX,0
PHL,HOU,1
PDX,DFW,0
PHL,HOU,0
SEA,MIA,1
DFW,AUS,0
NYC,DFW,0
PHX,ATL,0
SEA,ELP,0
LAX,DFW,0
DFW,MSP,0
MSP,OKC,0
OKC,SEA,2
TPA,HOU,0
RDU,JAX,2
SMF,ATL,2
HOU,MSP,2
LAS,LAX,0
TUL,WAS,2
MSP,DTW,1
SAN,ORD,0
ORD,WAS,0
SAN,AUS,0
FAT,SAN,0
AUS,NYC,0
MKE,MIA,1
RDU,SFO,0
MIA,ORD,2
DTW,RDU,0
ORD,SEA,0
DTW,WAS,0
PHF,NYC,0
DFW,PDX,0
PHL,SFO,1
PDX,DEN,2
RDU,PHL,0
ORD,PDX,0
DTW,ORD,0
LAX,SFO,0
LAX,DEN,0
LAS,DTW,0
DEN,PHX,0
TPA,HOU,0
WAS,PHX,0
SEA,HOU,0
WAS,PHF,0
HOU,ATL,0
AUS,NYC,2
SFO,PDX,0
SEA,MIA,2
MSP,MSY,0
SMF,MIA,2
LAS,HOU,0
PHX,CMH,0
LAX,MEM,2
BOS,TUS,2
BOS,LAX,0
DTW,DFW,0
MIA,ATL,0
LAX,WAS,2
SAN,BOS,2
JAX,PHL,2
AUS,BOS,0
PHL,AUS,2
MKE,CLT,0
OMA,LAX,2
SFO,DFW,0
AUS,ATL,0
SDF,ATL,0
MCI,MIA,0
PHF,LAS,2
PHX,MSP,0
RDU,LAX,2
HOU,SAT,0
HOU,PHL,0
JAX,BOS,0
CMH,LAX,0
ATL,RDU,0
DFW,LAS,0
WAS,PHX,1
MKE,MCI,0
CMH,TPA,2
LAX,TPA,0
WAS,LAS,0
DEN,SFO,1
DFW,LAS,0
NYC,RDU,0
SFO,LAS,0
RDU,ORD,0
LAS,CMH,0
HOU,PHX,0
PHX,SDF,0
CLT,MKE,0
NYC,SDF,0
MCI,SFO,2
LAX,ATL,0
PHL,BNA,0
AUS,DFW,0
OKC,SFO,0
MIA,MSY,0
CMH,ORD,0
WAS,SAN,2
LAX,ELP,2
ATL,ORD,0
CLT,HOU,0
ORD,RDU,0
DFW,PHL,0
WAS,LAS,0
DEN,MKE,0
TUS,MSP,2
MSP,TUS,0
ELP,SFO,2
WAS,CMH,0
PHX,DTW,0
CMH,MCI,2
MSY,MIA,1
SAN,DEN,1
CLT,MEM,0
CMH,TPA,0
COS,WAS,2
DTW,SMF,2
DEN,SMF,0
PHF,SAN,2
PHF,ORD,0
MCI,ORD,0
CMH,DFW,0
ORD,SAN,0
LAS,LAX,0
BOS,LAX,0
BOS,SFO,0
DEN,MIA,0
ORD,SEA,0
MIA,JAX,0
BNA,JAX,0
IND,JAX,2
TPA,SDF,0
SAN,HOU,0
BOS,SAN,2
NYC,AUS,0
SFO,MEM,2
LAX,SDF,2
RDU,LAX,0
NYC,CLT,0
HOU,ATL,0
AUS,MSY,0
NYC,HOU,0
WAS,ORD,0
BOS,MSP,0
PHX,BNA,1
SAT,SFO,0
MIA,AUS,0
LAS,LAX,0
MIA,DEN,1
SFO,RDU,2
MSY,SFO,2
TUL,SEA,2
ABQ,ORD,0
LAX,MSP,0
WAS,SFO,0
CMH,MSY,1
IND,TPA,0
SAN,BNA,1
ORD,DFW,0
WAS,LAS,0
DTW,WAS,0
MKE,LAS,1
TUL,WAS,2
LAX,MIA,0
WAS,LAX,2
PHF,DEN,0
PHX,BOS,0
JAX,ORD,2
ORD,CLT,0
PDX,BOS,0
SAT,MIA,0
SDF,MSP,0
TPA,LAX,2
SMF,WAS,0
SFO,ELP,2
WAS,MIA,0
OMA,LAX,1
NYC,MSY,0
WAS,SMF,1
WAS,AUS,0
WAS,DEN,0
MIA,SFO,0
WAS,MSY,0
PHL,JAX,0
LAS,LAX,0
BOS,HOU,2
AUS,PHL,0
PHX,BNA,0
TPA,MSP,2
SEA,MSP,0
BOS,LAX,0
DEN,DFW,0
MCI,MIA,0
AUS,PDX,0
PHX,PDX,1
AUS,BOS,1
DFW,PDX,0
DFW,DEN,0
TPA,PHX,0
BOS,SAN,2
TUS,LAX,0
NYC,MIA,0
IND,LAX,2
SAT,TPA,0
HOU,SFO,0
WAS,TPA,0
SAN,TPA,0
WAS,SAN,0
TPA,HOU,1
BNA,SFO,2
SAT,WAS,2
BOS,MCI,1
BOS,NYC,0
SAN,DFW,1
ELP,SFO,2
RDU,LAS,2
HOU,OKC,0
RDU,ORD,0
DFW,JAX,0
SFO,MSY,2
WAS,MSY,1
MIA,LAX,0
BOS,AUS,2
SMF,PHL,2
MCI,MIA,2
AUS,SFO,0
SFO,MSY,0
PHL,ORD,0
RDU,DFW,0
LAX,OMA,0
DTW,MIA,0
HOU,BOS,2
HOU,AUS,0
RDU,SAT,2
LAX,PDX,2
PHL,MIA,0
CLT,SAT,0
IND,SEA,0
DEN,DTW,0
WAS,PHX,0
HOU,DTW,2
DEN,MIA,0
AUS,NYC,0
AUS,ATL,0
NYC,PDX,0
DFW,LAX,0
FAT,DFW,0
JAX,MIA,0
DFW,ORD,0
RDU,DEN,0
PDX,DEN,0
DEN,NYC,0
LAX,WAS,2
MIA,LAS,0
SFO,BOS,0
SMF,PHX,0
DFW,CLT,0
WAS,AUS,2
WAS,CMH,0
LAX,SDF,0
DTW,OKC,0
LAX,RDU,1
LAX,SAT,2
PHX,SAN,0
SFO,IND,0
ORD,SAT,0
ATL,CLT,0
SMF,NYC,2
ATL,SAT,0
SFO,HOU,1
PHX,SEA,0
HOU,LAS,0
LAX,TUS,0
SFO,ATL,2
SEA,NYC,0
HOU,MSY,0
ATL,PHX,0
HOU,DEN,0
SEA,TPA,0
ORD,ABQ,0
MIA,RDU,0
ORD,PHL,0
SEA,DEN,0
BNA,WAS,0
HOU,TPA,0
WAS,ELP,2
MKE,LAX,2
MEM,LAS,2
DEN,SAT,0
PHL,ORD,0
MCI,HOU,0
LAX,ABQ,0
DTW,DEN,0
PHL,LAS,2
ORD,WAS,0
DFW,MEM,0
MKE,DFW,1
ORD,OKC,0
OMA,LAX,0
SEA,SAN,0
PHL,DFW,0
TPA,WAS,0
CLT,SEA,0
DEN,DTW,0
TPA,LAS,0
MEM,BOS,2
DFW,MSP,0
BNA,MCI,0
NYC,HOU,0
LAX,BNA,0
SAT,OKC,2
MEM,JAX,2
PHX,TPA,0
SMF,BOS,2
ATL,NYC,0
LAX,MSY,1
MKE,TPA,1
SMF,OKC,2
LAX,RDU,2
RDU,DTW,0
MCI,CLT,0
SFO,DTW,0
DEN,TPA,0
PHX,LAS,0
CLT,SFO,1
MIA,PHL,0
DFW,MIA,0
PHL,DFW,0
RDU,SEA,1
TUL,ATL,0
LAX,LAS,0
WAS,HOU,1
OMA,NYC,0
MEM,HOU,0
MEM,DEN,0
PDX,SAT,2
TUL,DEN,0
SAT,MSP,0
SAT,LAX,2
HOU,MKE,1
PHX,WAS,1
DEN,NYC,0
DFW,TUL,0
LAX,PHX,0
LAS,WAS,2
NYC,OMA,0
CMH,BOS,2
MEM,SFO,2
AUS,CMH,2
SDF,NYC,0
SMF,NYC,0
SAN,DEN,0
ATL,CLT,0
SFO,ELP,2
CLT,MIA,1
ATL,SFO,0
BOS,SFO,0
PHX,LAS,0
BOS,SDF,2
BNA,MIA,0
LAX,DFW,0
MSY,CLT,0
PHX,DTW,0
ATL,LAX,0
ABQ,ORD,0
PHL,LAS,0
BNA,SMF,2
MIA,ORD,0
DTW,ATL,0
PHL,MSY,2
RDU,WAS,0
PDX,BNA,2
DTW,JAX,1
TPA,SFO,0
SFO,MSP,0
MEM,BOS,2
LAX,ORD,0
WAS,ATL,0
LAX,TUS,2
DTW,PHL,0
LAX,PHF,2
CLT,LAS,2
ORD,OMA,0
RDU,BOS,0
MIA,ATL,0
BNA,HOU,0
DFW,SMF,0
TPA,LAS,0
NYC,TPA,0
MSY,AUS,0
NYC,SFO,0
TPA,IND,0
MIA,HOU,0
DTW,PHX,0
SEA,FAT,0
IND,MSY,2
PHX,WAS,0
MKE,DFW,0
TUL,ORD,0
CMH,BNA,0
MIA,WAS,0
BNA,DEN,0
ORD,LAX,0
SMF,ORD,0
TUS,LAS,0
BOS,OKC,2
NYC,ABQ,0
SAT,PHL,0
WAS,SAT,0
WAS,NYC,0
NYC,RDU,0
ATL,WAS,0
NYC,BOS,0
SAT,DEN,1
SDF,LAS,0
MIA,PHX,0
BOS,LAS,2
MSP,SAN,0
MIA,DEN,0
HOU,MCI,0
MCI,ORD,0
MCI,DFW,0
AUS,LAX,2
SFO,SEA,0
BNA,ATL,0
MKE,ATL,0
NYC,CMH,0
PHL,DEN,1
DFW,OKC,0
SAT,WAS,0
NYC,ORD,0
LAS,CMH,0
MIA,SAN,1
ABQ,ATL,0
WAS,RDU,0
MCI,AUS,0
ORD,RDU,0
CLT,LAX,2
LAS,PHX,0
MKE,MSY,2
RDU,ATL,0
BOS,SAN,0
PHL,MSY,2
AUS,ELP,0
PHX,NYC,2
NYC,ABQ,2
CMH,ORD,0
LAX,MIA,0
TPA,ATL,0
MIA,DFW,0
FAT,WAS,2
NYC,DTW,0
BOS,MSY,0
SFO,SAT,2
MSP,ATL,0
CLT,LAS,0
MKE,AUS,2
MKE,BNA,1
RDU,SAN,2
HOU,SMF,0
PDX,ORD,0
IND,LAS,0
SFO,PHL,0
LAX,NYC,0
PHL,PHX,1
DEN,WAS,1
NYC,LAX,0
SAN,PHX,0
OKC,DEN,0
RDU,SFO,2
SEA,LAX,0
ORD,CMH,0
SAT,LAX,0
LAS,HOU,0
MKE,SFO,2
OMA,SMF,2
AUS,RDU,0
BOS,TPA,0
LAX,TPA,1
ATL,DTW,0
BOS,ATL,0
DTW,TPA,0
HOU,NYC,0
CLT,LAX,1
SFO,RDU,1
ORD,OMA,0
HOU,MSP,0
MCI,PHX,0
PHL,CLT,0
MCI,WAS,0
SFO,DTW,0
BOS,NYC,0
HOU,MKE,0
CMH,TPA,1
BOS,DFW,0
BNA,LAX,2
DFW,MCI,0
SFO,MIA,2
SAN,NYC,0
AUS,DEN,0
ORD,ABQ,0
LAS,SFO,0
SFO,PHL,2
PHL,PHX,0
WAS,SEA,0
MSY,WAS,0
WAS,RDU,0
PDX,MIA,2
MCI,LAX,0
AUS,ORD,0
OMA,SAT,2
OMA,MSP,0
WAS,MIA,0
SAN,SAT,1
PDX,ABQ,0
SMF,PDX,0
AUS,IND,2
LAX,HOU,0
ORD,NYC,0
MIA,NYC,0
MIA,DFW,0
SDF,HOU,0
NYC,COS,2
LAX,ORD,0
DTW,ORD,0
ATL,COS,0
NYC,SEA,0
DTW,SAN,0
PHX,DFW,0
SFO,MSY,1
WAS,BOS,0
AUS,WAS,0
ORD,IND,0
BNA,SFO,2
ATL,OKC,0
BOS,WAS,0
MCI,TPA,0
CLT,SEA,2
JAX,BNA,2
CLT,LAS,1
SAT,BOS,2
LAS,MIA,0
SEA,DTW,0
PHF,MIA,2
DEN,ELP,0
DFW,MSY,0
ORD,DFW,0
DFW,CMH,0
TPA,BOS,1
PDX,DTW,1
PHX,SAN,0
SAN,WAS,2
TPA,LAS,1
LAS,BOS,2
PHL,RDU,0
MIA,ATL,0
CLT,DEN,0
BOS,SFO,2
CLT,LAX,2
TPA,MIA,0
SEA,PHL,0
SDF,DEN,0
ORD,SAN,0
BOS,TPA,0
PDX,WAS,2
SAN,PHX,0
SAT,LAX,0
TPA,WAS,0
ABQ,NYC,2
SFO,HOU,1
TUL,ORD,0
PDX,ORD,0
MSY,LAS,1
IND,PHL,0
PHF,SFO,2
JAX,NYC,0
TUL,DFW,0
BOS,BNA,0
SDF,WAS,0
WAS,OKC,0
LAX,MSY,0
MEM,MIA,0
HOU,OMA,0
MSP,DEN,0
ORD,MSP,0
SEA,TPA,2
BOS,MSY,2
DEN,MSP,0
PHX,OMA,0
HOU,MEM,0
LAX,DFW,0
SEA,ORD,0
WAS,DEN,0
CMH,ATL,0
NYC,AUS,0
MSY,SAT,0
SAN,DTW,2
DFW,PHX,0
PDX,SMF,0
MSP,RDU,0
DFW,SAT,0
DFW,DEN,0
PDX,SFO,0
MCI,LAS,0
JAX,MIA,0
CLT,ATL,0
MIA,SEA,0
SAT,SEA,2
DEN,LAX,0
ATL,BOS,0
PHX,DEN,0
ABQ,SAN,0
OMA,SFO,0
MSP,MSY,1
AUS,LAS,2
HOU,PHL,1
AUS,LAX,0
SEA,PHX,0
AUS,WAS,2
MKE,WAS,2
DFW,ABQ,0
BOS,SAT,2
SDF,MSY,2
PHX,MSY,2
LAS,NYC,0
PHL,MSP,0
ELP,PHX,0
PHL,CMH,0
MKE,SAN,2
CLT,HOU,0
SAN,PHL,2
MCI,ORD,0
MSP,TUL,0
CLT,WAS,0
DFW,TPA,1
ORD,SAN,0
ABQ,SAN,1
AUS,SAN,0
WAS,PDX,0
ORD,SEA,0
JAX,ORD,0
WAS,SFO,1
PHF,SAT,2
ORD,DEN,0
TPA,MCI,1
SEA,WAS,0
ORD,WAS,0
BOS,IND,2
CMH,MIA,0
LAX,LAS,0
AUS,NYC,0
ORD,LAS,0
DFW,BOS,0
PHL,IND,0
MEM,LAX,2
SDF,MIA,2
DEN,HOU,0
ELP,WAS,2
LAX,BNA,0
BNA,SAT,0
PHL,DFW,1
DEN,SDF,0
ORD,DFW,0
NYC,TUS,2
AUS,PHX,0
SAN,LAS,0
LAX,PHX,0
OKC,ORD,0
DFW,NYC,0
SAN,NYC,0
SAN,MIA,0
DFW,RDU,1
WAS,SFO,0
SAN,HOU,0
LAX,COS,0
HOU,IND,0
TPA,BOS,0
DEN,BOS,0
BOS,SAN,2
NYC,LAS,0
WAS,LAX,0
JAX,MSP,0
CLT,LAX,2
SFO,MSP,0
ATL,SDF,0
RDU,DEN,0
NYC,MEM,0
BOS,PHF,2
IND,LAX,0
NYC,JAX,0
BOS,OMA,2
LAX,PHL,2
TUS,SFO,2
MSY,PHX,1
SAN,ORD,0
MSP,DTW,0
MIA,DTW,0
DFW,SEA,0
JAX,LAX,2
MKE,LAX,2
SDF,TPA,2
MSP,DTW,0
WAS,LAS,1
LAX,SEA,0
AUS,MSP,2
MCI,JAX,2
MEM,NYC,0
ORD,CLT,1
RDU,LAS,0
SEA,AUS,0
WAS,MEM,0
MSY,NYC,0
SAN,PHL,1
PHX,WAS,0
PHF,SEA,2
LAS,DEN,0
WAS,SAT,1
SEA,PDX,0
NYC,PHF,0
SAT,DFW,0
IND,SFO,2
WAS,SDF,0
PHX,NYC,0
BOS,TPA,0
MKE,NYC,0
SEA,MSP,0
SMF,SAT,2
MCI,SEA,0
TUS,SFO,0
MEM,WAS,2
TUS,SFO,2
SFO,SAT,0
MCI,MIA,2
HOU,DEN,0
CMH,DFW,1
SDF,NYC,0
PHF,LAX,2
LAS,ATL,0
MIA,SAT,1
LAX,NYC,0
MIA,BOS,0
MIA,RDU,0
DTW,DEN,0
SEA,DEN,0
MEM,PHL,0
DFW,TPA,0
LAX,RDU,0
HOU,SAN,1
JAX,LAX,2
JAX,MSP,1
NYC,ELP,2
MSY,BOS,0
SEA,WAS,0
PHL,SDF,0
SEA,SMF,0
LAS,SAN,0
BOS,DFW,2
CMH,BOS,0
LAX,FAT,0
BNA,PHL,0
JAX,SAN,2
SFO,LAS,0
DTW,LAX,1
LAX,JAX,2
ABQ,BOS,2
CMH,SEA,2
TUS,SFO,0
HOU,OMA,0
IND,HOU,0
LAX,SAT,0
LAX,DTW,2
HOU,SFO,0
CMH,HOU,0
NYC,MCI,0
ORD,MSY,0
SFO,HOU,0
MSY,PDX,2
ATL,PHX,1
IND,HOU,0
NYC,MIA,0
NYC,MEM,0
LAX,DTW,2
PDX,AUS,2
CLT,ORD,1
LAX,DTW,0
HOU,DFW,0
PHF,LAX,2
BNA,PHX,0
OKC,DFW,0
MSP,ATL,0
SEA,CMH,0
PDX,FAT,0
WAS,MCI,0
WAS,SMF,0
IND,SAN,1
SEA,WAS,0
MSP,DFW,0
CMH,LAS,0
PHX,LAX,0
DEN,DTW,0
MSY,HOU,0
HOU,LAX,0
MSP,AUS,0
ATL,HOU,0
WAS,SFO,2
MCI,LAX,0
WAS,DTW,0
MIA,LAX,0
MSP,PDX,0
DTW,ATL,1
CLT,PDX,0
MEM,HOU,0
NYC,MSY,0
OKC,WAS,0
DEN,WAS,0
TPA,MKE,0
DFW,SFO,0
DFW,PHF,0
MEM,NYC,2
SAT,NYC,2
NYC,DEN,0
NYC,CMH,0
PHX,TPA,0
IND,PDX,2
ELP,DEN,0
ATL,SEA,0
FAT,PDX,0
BOS,WAS,0
RDU,SFO,2
HOU,TPA,0
LAX,CMH,0
DEN,DFW,0
MEM,ORD,0
LAX,CLT,2
WAS,DTW,0
CMH,SEA,0
CMH,WAS,0
ORD,SAT,0
PHF,BOS,2
MKE,TPA,0
TPA,WAS,0
TUS,LAX,0
DFW,ATL,0
JAX,WAS,2
BOS,JAX,0
SAN,BOS,2
SAN,MKE,2
TUS,ATL,0
PDX,PHX,0
BOS,PHL,0
SAN,SEA,0
AUS,HOU,0
LAX,HOU,1
PDX,ORD,0
SFO,OMA,0
LAX,SAT,0
CMH,ATL,0
LAS,MKE,0
TPA,DFW,0
MSP,WAS,0
DEN,OKC,0
ABQ,PDX,2
SDF,SAN,2
SMF,NYC,2
SEA,LAS,0
IND,MIA,2
JAX,ATL,0
PHX,ELP,0
ATL,CMH,0
ATL,LAS,0
SFO,TPA,0
ATL,SFO,0
SFO,DEN,0
SMF,BOS,0
SAN,SEA,0
PHX,OKC,0
PHL,SAN,0
MIA,WAS,0
ORD,MSP,0
LAX,ORD,0
IND,SFO,0
RDU,DFW,1
SFO,ATL,0
OKC,MSP,0
IND,PHX,0
MSY,DFW,0
DEN,MCI,0
MSY,SEA,2
HOU,SFO,2
RDU,MEM,2
SMF,ABQ,2
DTW,PHL,0
JAX,SAN,2
MCI,RDU,0
DFW,PHL,1
OKC,LAX,2
JAX,ORD,0
MCI,SFO,2
SFO,WAS,1
HOU,LAS,0
OKC,PHX,0
ORD,SEA,0
CMH,MSY,2
BNA,CMH,0
SFO,DFW,0
HOU,JAX,0
AUS,TUL,2
SFO,MCI,0
WAS,TPA,0
ELP,DFW,0
ORD,MCI,0
OKC,BNA,2
OMA,DEN,0
WAS,AUS,1
RDU,MIA,0
SAT,SFO,2
ORD,RDU,0
TPA,MIA,0
WAS,IND,0
CMH,MSP,0
CMH,DEN,1
ABQ,SFO,1
LAX,SEA,2
ATL,JAX,0
SAN,DFW,0
PHX,HOU,0
PHF,MSY,2
HOU,CMH,0
BOS,IND,0
DTW,DFW,0
DFW,BOS,2
DTW,WAS,0
SAT,NYC,0
SAN,MSY,0
TPA,BOS,0
ATL,DTW,0
OKC,PHL,0
JAX,LAS,2
ABQ,WAS,2
ORD,BNA,0
DFW,BNA,0
CMH,BOS,1
ATL,LAX,0
PHX,SAT,0
OMA,WAS,0
CMH,MSY,0
WAS,SAN,0
AUS,DEN,0
TPA,SEA,2
MIA,NYC,0
PHL,BNA,0
MSP,PHX,0
PDX,LAX,0
BNA,SAN,1
LAS,MIA,0
HOU,LAS,0
MSY,LAX,2
BOS,MEM,2
ORD,LAX,0
WAS,RDU,0
MCI,SFO,0
HOU,LAX,0
IND,AUS,1
BNA,LAX,0
DEN,ORD,0
HOU,MSP,0
PHL,DTW,0
CLT,MIA,0
MIA,JAX,0
ABQ,DFW,0
MSY,TPA,0
MIA,DTW,0
MSP,PHL,0
IND,SFO,1
DEN,TUL,0
MIA,PHL,0
NYC,OMA,0
DFW,ATL,0
WAS,CLT,0
OKC,LAX,0
SFO,ORD,0
WAS,SMF,2
LAX,IND,2
JAX,SFO,2
SDF,ORD,0
DEN,BNA,0
PHL,TPA,0
SFO,SEA,0
OMA,LAS,1
ORD,MCI,0
MKE,WAS,1
NYC,TUS,2
DEN,MSY,0
SAN,PHF,2
BOS,SEA,0
RDU,AUS,2
HOU,SDF,0
CMH,PHL,0
BNA,BOS,2
PHF,WAS,0
MCI,AUS,1
AUS,MCI,1
WAS,TUS,2
DTW,NYC,0
PHL,DEN,0
TUS,MIA,2
TPA,SFO,2
PHX,MEM,0
SMF,BOS,2
DFW,MKE,0
WAS,MCI,1
CLT,MSP,0
PHL,PHX,0
SDF,BOS,2
ELP,ATL,0
WAS,BOS,0
CLT,PHF,0
MKE,HOU,0
SFO,CMH,2
MCI,MKE,0
LAS,LAX,0
IND,WAS,0
SEA,OKC,0
ELP,SEA,2
TUS,DEN,0
SDF,PHL,0
PHF,HOU,0
LAX,BNA,1
SFO,ATL,0
SFO,WAS,0
HOU,SAN,0
DFW,SFO,0
DEN,RDU,0
TPA,LAX,0
TPA,ATL,0
PHX,OMA,0
JAX,NYC,0
CMH,DEN,0
DEN,TUS,0
MIA,DEN,1
MCI,HOU,0
NYC,AUS,0
AUS,SEA,1
PHX,BOS,2
HOU,PHX,0
PHX,ATL,0
LAX,MIA,0
ORD,JAX,0
TUL,LAX,2
WAS,SAN,0
MCI,BNA,0
MSP,MIA,0
ELP,PHX,0
MSY,NYC,0
DTW,SDF,0
ORD,ABQ,0
DFW,AUS,0
MEM,SAN,2
LAX,DEN,0
LAX,MIA,2
PHX,PHL,0
SAT,LAS,1
MEM,SFO,2
SAN,WAS,2
PHL,DEN,0
PHF,JAX,2
PHL,ATL,0
OMA,HOU,0
CMH,AUS,2
BOS,SFO,0
SAN,BOS,0
ATL,HOU,0
MIA,BOS,0
SFO,LAX,0
LAX,ABQ,0
PHF,LAS,2
DTW,MSY,0
SMF,DFW,2
SAN,WAS,1
BOS,HOU,0
NYC,WAS,0
PHF,ORD,0
ATL,LAX,0
WAS,DFW,0
BOS,DFW,0
PDX,NYC,0
TPA,AUS,0
PDX,HOU,2
IND,DFW,0
CMH,NYC,0
AUS,ORD,0
CLT,WAS,0
CLT,CMH,0
BOS,AUS,2
ORD,DEN,0
MCI,MSY,1
SEA,BOS,0
DTW,MKE,0
TUS,WAS,2
PHX,ELP,0
PHX,MIA,1
SAN,PDX,0
MSP,MSY,0
SMF,MSY,2
AUS,WAS,2
WAS,SEA,2
TPA,MSP,0
SDF,LAX,0
WAS,PDX,2
LAX,IND,0
DEN,MIA,0
MIA,MSP,0
NYC,MKE,0
SAN,CLT,0
SAN,JAX,2
SEA,WAS,2
ELP,LAX,1
HOU,DTW,0
HOU,SFO,1
BOS,BNA,0
RDU,CMH,0
DFW,NYC,0
DEN,ORD,0
WAS,HOU,0
HOU,SMF,1
SFO,SAT,2
SFO,MSY,2
SMF,DEN,0
BOS,HOU,2
MCI,SMF,2
SEA,TUS,0
SEA,ORD,0
PHX,ABQ,0
LAX,CMH,0
HOU,ABQ,0
MKE,MSP,0
ATL,PHL,0
WAS,SAT,2
CLT,SFO,2
SEA,AUS,1
SEA,MKE,0
MSP,ATL,0
MSP,CLT,0
AUS,CLT,0
WAS,DFW,0
IND,AUS,2
LAX,MSP,0
JAX,PHF,2
TUS,ORD,0
SEA,NYC,0
RDU,DEN,1
ORD,BNA,0
TPA,DFW,2
DFW,DTW,1
BOS,MEM,2
LAX,LAS,0
CMH,NYC,0
DEN,TPA,0
TUS,ORD,0
CLT,LAS,2
SMF,NYC,0
PHL,SEA,0
SFO,BNA,0
NYC,WAS,0
PHF,CLT,0
MEM,WAS,0
TUL,MIA,2
NYC,SFO,0
ORD,AUS,1
HOU,BOS,1
TPA,AUS,1
TUL,SAN,2
CLT,MCI,0
SMF,SEA,0
DTW,CLT,0
DFW,SMF,0
LAX,PHL,0
BOS,MSY,2
LAX,SMF,0
AUS,MIA,0
SAN,SFO,0
DFW,IND,0
BNA,TPA,0
SMF,MKE,2
MCI,NYC,0
SMF,TUS,2
BOS,MIA,0
WAS,BOS,0
PHF,DFW,0
DFW,WAS,0
TPA,SEA,0
BNA,LAS,0
PDX,LAX,0
DEN,OMA,0
ORD,AUS,0
DTW,MEM,0
RDU,SAT,2
MEM,NYC,0
DFW,WAS,0
HOU,PHX,1
ORD,MIA,0
DFW,COS,0
LAX,BOS,2
PHF,BNA,2
DTW,NYC,0
OMA,BNA,2
DFW,NYC,0
WAS,LAS,0
ORD,LAS,0
MSY,HOU,0
NYC,DTW,0
ATL,BOS,0
PDX,LAS,0
LAS,PHX,0
OMA,MIA,2
PHL,CLT,1
SEA,PHX,0
SFO,DFW,0
SEA,ORD,0
DEN,TPA,1
SAN,ATL,0
HOU,OKC,0
CLT,DFW,0
DFW,MIA,0
LAX,MSY,0
RDU,MSP,0
JAX,CLT,0
ELP,NYC,2
PHF,PHL,0
WAS,SAN,2
DTW,ORD,0
IND,WAS,0
DEN,CMH,0
SFO,PHL,0
LAS,SFO,0
MEM,LAS,2
OKC,LAS,1
RDU,LAX,2
MSP,PHX,0
ORD,ATL,0
OKC,HOU,0
NYC,SMF,0
ATL,ORD,0
MSP,LAS,0
MIA,ATL,0
CLT,ATL,0
LAS,DFW,0
DFW,DEN,0
HOU,DTW,0
RDU,DFW,2
DEN,ORD,0
HOU,MIA,0
MCI,BOS,0
CMH,WAS,0
MKE,NYC,0
PDX,SMF,0
ORD,CMH,0
HOU,DFW,0
PHX,MSY,1
MIA,SEA,2
AUS,SFO,0
WAS,LAX,1
OKC,SAN,2
LAX,MEM,0
MKE,PHX,0
SAN,AUS,0
PDX,WAS,2
TPA,NYC,0
SEA,DFW,0
NYC,SAT,0
JAX,WAS,0
BOS,JAX,2
SEA,WAS,0
HOU,ORD,0
MSP,JAX,1
SFO,HOU,0
ABQ,PHX,0
SFO,OKC,0
BOS,DEN,0
MIA,LAS,2
WAS,JAX,0
PHL,SFO,0
WAS,SAT,2
PHL,MEM,0
WAS,MCI,0
DEN,ATL,0
PDX,DEN,2
NYC,ABQ,2
BOS,CMH,0
SEA,BOS,0
DEN,SAN,0
NYC,AUS,0
DTW,SFO,0
ABQ,DEN,0
MIA,SEA,2
PHX,PDX,0
SFO,MSY,0
PDX,MKE,2
SEA,HOU,0
DFW,MSY,0
ORD,AUS,0
ORD,SFO,0
LAX,AUS,0
WAS,MSP,0
WAS,ORD,0
ABQ,PDX,0
SEA,BNA,0
NYC,SMF,0
WAS,SFO,2
CLT,BNA,0
MSP,PDX,1
MKE,WAS,0
PHL,PDX,0
ABQ,AUS,2
LAX,WAS,0
DEN,BNA,1
LAX,LAS,0
LAX,DTW,2
MIA,WAS,0
SDF,HOU,0
HOU,CLT,0
NYC,CMH,0
SFO,BNA,0
LAX,WAS,2
RDU,PDX,2
MIA,SAN,0
MEM,LAX,1
SEA,PDX,0
OKC,SAN,2
IND,SFO,2
AUS,ORD,0
AUS,WAS,0
PDX,HOU,0
WAS,DTW,0
LAS,ABQ,0
HOU,CLT,0
LAX,OKC,2
SMF,MCI,2
DFW,SDF,0
DTW,LAX,0
JAX,DFW,0
MSP,SEA,0
PHX,MIA,2
MCI,SFO,1
LAS,ORD,0
MSP,BNA,0
DTW,SAT,0
OMA,NYC,0
ATL,PHL,0
NYC,TPA,0
MKE,SFO,0
ORD,CLT,0
NYC,PDX,0
TPA,SEA,2
HOU,SAN,2
PHL,SAT,0
IND,SAN,0
MSP,SMF,0
MKE,SEA,0
DEN,RDU,0
HOU,MSP,0
MSP,MIA,0
SFO,IND,2
PDX,PHL,2
CLT,SFO,2
ORD,MSP,0
ORD,MSY,0
SMF,MSP,0
PHX,MKE,0
RDU,MSY,0
MSP,BNA,1
MSP,HOU,0
TUS,HOU,0
MKE,LAX,0
SAN,MSY,1
HOU,CLT,0
SFO,PHX,0
JAX,ORD,0
SEA,MIA,0
LAX,SFO,0
ORD,MIA,0
TPA,SAN,2
MKE,HOU,1
WAS,SFO,0
ORD,OKC,0
OMA,PHX,1
LAS,BNA,0
BOS,DEN,0
PHX,TPA,1
ELP,LAX,0
LAX,CLT,2
TPA,SAN,2
MIA,WAS,0
BNA,DEN,0
AUS,BOS,2
BNA,SFO,1
DTW,DEN,0
SMF,SEA,0
AUS,ATL,1
LAX,IND,1
WAS,DFW,0
PHF,LAX,2
MSP,HOU,0
BOS,BNA,1
SMF,AUS,1
NYC,SAN,0
TPA,MSP,1
CMH,SFO,2
NYC,MSP,0
HOU,WAS,0
TPA,WAS,0
LAS,SEA,0
WAS,HOU,0
AUS,LAS,0
BNA,CLT,0
BNA,BOS,1
DTW,WAS,0
TPA,ORD,1
AUS,DEN,0
ORD,TPA,0
TPA,NYC,0
JAX,ATL,0
LAX,BOS,0
HOU,CMH,0
ORD,SAT,0
OMA,DEN,0
NYC,WAS,0
NYC,MSY,0
MSP,SAT,0
RDU,LAS,2
TPA,DTW,0
SFO,LAS,0
DFW,SEA,0
TPA,ORD,2
RDU,LAS,1
NYC,WAS,0
FAT,WAS,2
BNA,ABQ,2
OMA,PHX,0
BNA,LAX,0
LAX,ORD,0
DTW,MCI,0
LAX,AUS,0
MSP,SAN,1
OMA,ORD,0
CMH,RDU,0
PDX,NYC,0
SAN,BOS,0
WAS,ATL,0
LAX,TPA,2
TUS,LAX,2
PDX,TUS,0
LAS,PDX,0
DTW,LAX,2
BOS,SAT,2
SAT,SFO,0
IND,PHX,0
SEA,IND,0
PDX,SFO,0
DTW,MSP,0
ORD,LAX,0
CLT,OMA,0
MKE,PDX,2
MCI,WAS,0
SEA,RDU,0
DEN,SEA,0
IND,ATL,0
BOS,AUS,1
PHX,WAS,0
DFW,LAX,0
SAN,ORD,0
MKE,TPA,2
NYC,LAX,0
ORD,TPA,0
ORD,TUS,0
BOS,WAS,0
CLT,PHL,0
SAT,LAX,0
HOU,ATL,0
BOS,HOU,0
ATL,MEM,0
CMH,MSP,2
ORD,ATL,0
RDU,MCI,1
PHL,LAX,0
DFW,SFO,0
DTW,NYC,0
WAS,LAX,0
OKC,MIA,2
DTW,CLT,0
ATL,NYC,0
PHL,ATL,0
ATL,HOU,0
OKC,HOU,0
SFO,MIA,0
MSY,PHL,0
SDF,BOS,2
TPA,LAS,2
RDU,SAT,2
SFO,PHX,0
RDU,WAS,0
OMA,ATL,0
SDF,PHX,0
NYC,PHF,0
WAS,NYC,0
SEA,RDU,0
MCI,NYC,0
SEA,PHF,2
HOU,JAX,0
MSP,PHL,0
MSY,MCI,0
NYC,DEN,0
TPA,NYC,0
IND,ATL,0
IND,TPA,1
IND,PHX,1
SAT,PDX,2
NYC,SDF,0
ATL,RDU,0
MSP,MKE,0
IND,PDX,2
SMF,NYC,2
BOS,MKE,0
OKC,BOS,2
SFO,BNA,2
ORD,SEA,0
MSY,ORD,0
ORD,NYC,0
LAX,SMF,0
SEA,NYC,0
WAS,ELP,2
PHL,MSY,1
ORD,NYC,0
ORD,PDX,0
MIA,HOU,0
SAN,NYC,0
SAT,DTW,2
MSY,AUS,0
SAT,ABQ,2
PDX,MIA,2
CMH,HOU,0
BOS,PDX,2
DFW,IND,0
HOU,BOS,0
RDU,PHX,2
SFO,MIA,2
DFW,SAT,0
BOS,LAX,0
SEA,SAN,0
LAX,SDF,2
MSP,BOS,0
ORD,SMF,0
MSP,DEN,0
LAX,TPA,2
LAX,PHL,0
WAS,SAT,2
MCI,TPA,1
RDU,SFO,0
MSP,BNA,0
CLT,ORD,0
NYC,DEN,0
PDX,NYC,0
MCI,DTW,2
SFO,DFW,1
MCI,SAN,0
PHF,ATL,0
WAS,MEM,0
OKC,MSY,2
LAS,IND,0
MCI,PDX,2
WAS,SMF,1
HOU,SFO,2
SFO,RDU,0
SEA,SFO,0
IND,MSP,0
LAX,CMH,1
NYC,IND,0
AUS,MKE,2
MSP,DFW,0
ORD,MEM,0
SMF,HOU,0
SEA,DTW,0
DFW,OMA,0
ABQ,SFO,2
PDX,CLT,0
PDX,BNA,2
PHX,WAS,2
MCI,LAX,1
BNA,SFO,0
CLT,DTW,0
BOS,SAN,0
OKC,SEA,0
PHX,DFW,0
NYC,BNA,0
DTW,HOU,2
SAN,SMF,0
OKC,ORD,0
ORD,PHL,0
WAS,BNA,0
CLT,DFW,1
SFO,TUS,2
LAX,ABQ,1
PHX,SFO,0
HOU,BNA,0
SEA,SMF,0
AUS,MIA,0
SFO,NYC,0
ORD,HOU,0
HOU,TUS,0
LAX,JAX,2
MSY,LAS,1
SFO,AUS,0
BNA,MIA,0
SMF,LAS,0
PHX,HOU,1
ATL,ORD,0
DTW,JAX,0
SDF,DTW,0
DEN,NYC,0
PDX,DTW,0
ELP,LAS,1
DEN,MSY,0
MKE,LAS,2
LAS,SMF,0
SDF,MIA,0
SMF,NYC,2
MCI,PDX,2
PHL,SEA,0
MIA,PHX,0
DFW,CLT,1
SFO,HOU,0
DFW,TPA,0
COS,DFW,0
LAX,SEA,0
PHF,SAN,2
SAT,ORD,0
MKE,PHX,1
MCI,ATL,1
WAS,JAX,0
HOU,SAN,0
OMA,DFW,0
CMH,PHX,0
MIA,SFO,0
DEN,ATL,0
PDX,LAX,0
PHX,PDX,0
CLT,IND,0
SAT,BOS,2
ORD,LAS,0
SEA,PHL,0
HOU,NYC,0
SAT,DTW,0
LAX,BNA,2
ATL,SEA,0
SMF,TPA,2
PDX,NYC,0
SEA,CLT,2
TPA,SAN,1
MIA,LAX,0
HOU,BOS,0
SEA,DFW,0
SMF,OMA,2
DFW,SEA,0
DTW,PDX,0
RDU,DEN,2
ATL,AUS,0
SAN,MIA,2
MIA,SAT,0
MCI,SFO,2
PDX,LAX,0
PDX,MSY,2
DEN,SFO,0
PDX,WAS,1
SMF,LAX,0
LAS,WAS,0
BOS,LAS,2
ORD,PHX,0
RDU,MSY,1
HOU,MSY,0
MSP,BOS,0
CLT,BOS,0
SAT,DFW,0
NYC,PHX,0
MCI,MSP,0
OKC,ORD,0
MKE,BOS,0
SFO,SAN,0
SFO,PDX,0
DFW,BOS,0
CMH,HOU,1
PHF,SAN,2
SAN,SMF,0
SDF,HOU,1
MSY,SEA,0
WAS,PHX,2
LAX,MKE,2
DFW,SAN,0
PHX,IND,0
NYC,SAT,0
TPA,SAT,1
IND,DEN,0
WAS,SEA,0
SAN,AUS,1
WAS,LAX,2
AUS,LAS,1
OMA,ORD,0
WAS,SAT,0
PHX,SMF,0
BOS,MSY,2
SEA,DEN,0
PHL,OKC,0
DEN,BOS,0
WAS,DFW,0
TPA,ORD,0
ELP,DFW,1
TUL,LAX,0
SAN,FAT,0
PHX,ABQ,0
ABQ,TPA,2
SFO,DFW,0
PHX,MSY,2
SEA,DFW,0
WAS,SEA,0
LAX,PDX,1
WAS,PDX,2
HOU,COS,0
SFO,MIA,1
BOS,ORD,0
PHL,MIA,0
SEA,BOS,0
WAS,SMF,0
MIA,TPA,0
ATL,TPA,0
PHL,AUS,1
DFW,TUS,0
NYC,DTW,0
PHX,SEA,0
DEN,PHX,0
DTW,BOS,0
TPA,ORD,0
WAS,ORD,0
DTW,WAS,0
SAT,ELP,0
RDU,ATL,0
MIA,AUS,0
MEM,PHX,0
MKE,DEN,0
PDX,PHX,0
DTW,PHL,0
SAN,SFO,0
DEN,MSY,0
TUS,BOS,2
PHL,DFW,0
ELP,NYC,2
NYC,JAX,0
RDU,LAX,2
PHX,DTW,1
WAS,TPA,0
IND,DEN,0
SAN,TUS,0
BOS,PHX,2
RDU,BNA,0
LAX,RDU,1
DEN,PHL,0
LAS,NYC,0
AUS,LAX,0
BOS,BNA,0
HOU,LAX,1
DTW,AUS,0
LAX,BOS,0
MSP,SAN,0
SFO,ORD,0
IND,MCI,0
CMH,SAN,2
NYC,MIA,0
PHF,ORD,0
ELP,SEA,0
MIA,BOS,0
AUS,BOS,1
DFW,LAS,0
LAX,IND,0
WAS,BNA,0
LAS,WAS,0
CLT,MSP,0
MSY,MIA,0
WAS,IND,0
AUS,LAX,0
ORD,IND,0
HOU,TUL,0
SAN,RDU,2
SFO,WAS,0
WAS,DTW,0
SAT,MCI,0
ABQ,HOU,1
TPA,LAX,2
SAT,ORD,1
TUL,MIA,2
CLT,BNA,0
BOS,HOU,2
NYC,HOU,0
AUS,BOS,0
SEA,LAX,0
JAX,SFO,2
HOU,PHL,0
ORD,BOS,0
PDX,PHX,0
LAX,TPA,0
LAS,ORD,0
ATL,TUS,0
ATL,DTW,0
WAS,TPA,0
PHX,MSP,1
MIA,RDU,0
BOS,JAX,0
WAS,ABQ,0
ATL,MSY,0
RDU,HOU,0
PHX,OKC,0
MIA,LAS,1
RDU,BOS,0
LAX,MKE,1
SAT,CLT,0
SAT,BNA,1
ORD,SFO,0
HOU,BOS,0
NYC,TPA,0
BOS,ORD,0
MEM,LAS,2
SFO,MSY,1
JAX,LAS,2
MSP,NYC,0
AUS,BOS,2
RDU,WAS,0
BNA,PDX,2
DEN,SEA,0
HOU,SAN,0
JAX,NYC,2
MEM,ATL,0
OMA,SEA,0
CMH,SEA,2
JAX,MIA,0
HOU,NYC,0
DEN,MIA,0
IND,LAX,2
LAX,DEN,1
CMH,LAX,1
ABQ,DFW,0
TPA,DEN,0
MIA,SDF,0
NYC,ATL,0
MCI,BOS,0
DTW,DFW,0
SMF,BNA,2
PHL,SAT,2
OMA,BOS,2
LAX,ABQ,0
RDU,AUS,1
ELP,DFW,0
IND,SAN,2
RDU,PHX,2
LAX,MKE,2
JAX,HOU,0
HOU,AUS,0
MSY,BOS,2
PHX,JAX,2
LAX,HOU,0
SAT,ORD,0
MIA,LAS,1
LAX,SFO,0
SFO,ABQ,0
BOS,MIA,0
NYC,LAS,0
DFW,PHX,0
ATL,WAS,0
MSP,DEN,0
IND,NYC,0
NYC,SAT,2
NYC,MIA,0
AUS,SAN,1
JAX,WAS,0
SFO,BNA,0
NYC,ATL,0
SAN,BOS,2
DEN,LAX,0
DFW,MSP,0
LAX,MSY,0
JAX,DEN,0
PHX,ORD,0
CMH,ATL,1
FAT,SAT,2
RDU,WAS,0
PDX,BOS,0
BOS,AUS,0
HOU,PHF,0
HOU,ATL,0
BNA,ATL,0
NYC,CLT,0
WAS,JAX,0
WAS,PHX,1
HOU,SEA,1
SFO,SAT,0
NYC,SAT,1
SFO,NYC,0
BOS,IND,2
PHL,LAX,1
ABQ,MSY,2
CLT,LAS,2
ORD,BOS,0
LAX,TUL,0
MEM,DTW,0
LAX,AUS,0
PHF,TPA,2
RDU,LAX,1
SEA,PHX,0
AUS,NYC,0
NYC,HOU,0
MSY,DFW,0
BOS,PHF,0
NYC,SAN,0
LAX,SFO,0
PDX,MIA,2
DFW,ATL,0
TUS,SAN,0
SAT,TPA,1
HOU,CMH,1
LAX,ATL,1
IND,SEA,0
MIA,WAS,0
MSP,WAS,0
RDU,ORD,0
ATL,DEN,0
WAS,OKC,0
DEN,ATL,1
ORD,PHF,0
PHX,IND,0
OMA,PHX,0
SDF,ORD,0
RDU,TPA,0
WAS,JAX,0
SAT,DEN,0
SMF,BOS,2
RDU,PHX,1
DEN,ELP,0
DEN,HOU,1
BNA,DEN,1
LAS,BOS,0
BOS,ABQ,2
LAS,DEN,0
WAS,NYC,0
ORD,ATL,0
MEM,WAS,0
SAT,IND,2
PDX,LAS,0
HOU,MIA,0
MKE,BNA,2
PDX,ORD,2
DEN,SFO,0
HOU,PDX,2
MKE,DFW,0
DEN,IND,0
MCI,SFO,0
CLT,TUL,0
ORD,TUS,0
MCI,HOU,1
SEA,ORD,0
LAX,HOU,0
DFW,FAT,0
TPA,MIA,0
MCI,SAN,0
TPA,RDU,0
COS,ORD,0
LAX,PHL,2
LAX,CMH,2
TUS,DFW,0
IND,DEN,1
NYC,ORD,0
OKC,SAT,2
DFW,RDU,0
SAN,PHL,0
MKE,BNA,0
LAX,MIA,0
BNA,SEA,2
PHL,ATL,0
WAS,ABQ,1
IND,CLT,0
CMH,SFO,2
MCI,DTW,0
BOS,CLT,0
LAX,MCI,1
MSP,ATL,1
BOS,MIA,0
NYC,PDX,0
ELP,LAS,0
BOS,ATL,0
WAS,MSY,0
NYC,AUS,0
MSY,SAN,0
ATL,MCI,0
SEA,AUS,1
DEN,OKC,0
ORD,TUL,0
DFW,CLT,2
TUL,PHX,0
MSP,DFW,0
ABQ,NYC,2
DEN,FAT,0
PHL,HOU,1
CMH,MIA,0
BNA,OKC,2
BOS,PHL,0
SFO,BOS,2
NYC,SFO,0
WAS,AUS,2
PHL,BOS,0
SFO,NYC,0
BNA,NYC,0
HOU,SDF,0
SMF,PHX,1
HOU,SEA,0
SMF,TUL,2
PHX,HOU,0
DFW,LAX,0
RDU,BOS,2
MCI,LAX,0
WAS,PDX,2
CMH,LAX,1
LAX,IND,2
TPA,LAX,1
ATL,DFW,0
IND,SAT,2
ATL,MKE,0
PHF,BOS,2
RDU,BOS,0
SFO,LAS,0
NYC,PDX,0
AUS,LAX,0
CLT,SDF,0
LAX,SAT,1
RDU,NYC,0
HOU,SEA,0
LAX,WAS,2
MSY,DTW,0
BOS,PDX,0
RDU,SAN,2
NYC,ATL,0
ORD,MIA,0
ABQ,LAX,2
LAX,MIA,2
CLT,BOS,0
WAS,BOS,0
DTW,SFO,1
MIA,IND,0
ABQ,LAX,0
SDF,BOS,2
OMA,MIA,2
ABQ,LAX,0
SFO,ATL,1
MSP,MCI,0
PHL,ATL,0
LAX,SEA,0
WAS,NYC,0
SEA,SAN,0
PHX,NYC,0
AUS,TPA,0
SMF,HOU,1
DEN,PHL,0
SFO,BOS,0
PHF,PHX,2
PDX,DFW,0
TPA,MEM,0
PHX,BOS,0
AUS,SEA,0
DTW,DFW,0
RDU,SEA,0
SFO,DTW,0
ABQ,LAS,1
BNA,HOU,0
CMH,LAX,0
OMA,TPA,2
DEN,ATL,0
IND,MSY,2
LAX,ATL,1
SAT,ORD,0
SFO,MIA,2
SEA,PHX,0
MIA,BNA,0
DFW,MSP,0
DFW,NYC,0
PHX,WAS,1
ORD,PDX,1
WAS,CLT,0
DFW,JAX,0
ATL,AUS,0
MCI,LAS,1
BOS,MIA,0
SAT,LAS,2
HOU,ORD,0
DEN,CLT,2
DTW,ATL,0
IND,NYC,0
BOS,ABQ,2
TPA,ATL,0
BOS,AUS,1
WAS,SAN,1
TUL,LAS,0
JAX,BOS,0
ATL,MIA,0
DFW,SAN,0
JAX,BNA,0
SMF,SAN,0
HOU,MCI,1
BOS,MSY,0
IND,LAX,1
PHX,MCI,0
PHX,MIA,0
LAX,PDX,0
TPA,CMH,0
SMF,LAS,1
MSY,ATL,0
MCI,SEA,0
TUL,HOU,0
ELP,SAN,1
SFO,MCI,0
ATL,IND,0
CLT,OKC,0
PDX,WAS,2
MSY,ATL,0
IND,MIA,0
NYC,CLT,0
OKC,BOS,2
LAS,MCI,0
LAX,MEM,2
WAS,BNA,0
SAN,WAS,0
SEA,DEN,0
ABQ,WAS,1
RDU,MCI,0
HOU,MIA,0
ORD,PHF,0
PHL,SAN,1
SEA,IND,0
ATL,LAS,0
PHX,ATL,0
MIA,TPA,0
OMA,SFO,2
COS,WAS,2
SFO,WAS,1
ATL,MSP,1
LAX,SFO,0
PHL,LAX,0
MIA,SAN,0
DEN,TUS,0
SFO,WAS,2
SFO,ABQ,0
BNA,SAN,0
MCI,WAS,1
ABQ,LAS,0
MIA,RDU,0
ABQ,SFO,0
ORD,PHX,0
AUS,DTW,2
HOU,PHL,0
RDU,PHX,0
MIA,MCI,0
MIA,CLT,0
ATL,BNA,0
MKE,MIA,2
BOS,TPA,0
LAX,PHX,0
SAT,RDU,2
MSP,LAX,0
SMF,PDX,0
IND,SAN,2
LAX,MCI,0
WAS,MIA,0
PHF,SEA,2
SMF,WAS,2
BOS,DFW,0
ATL,JAX,0
SFO,MCI,1
LAX,MSY,0
JAX,SEA,2
MSY,MIA,0
MIA,PHX,0
SFO,IND,1
MCI,MIA,1
PHL,DTW,0
RDU,WAS,0
LAS,BOS,0
SMF,DEN,1
LAS,SAN,0
LAS,OMA,0
WAS,CLT,0
PHX,NYC,0
LAX,ATL,0
BOS,PHL,0
DFW,ORD,0
ABQ,SEA,0
HOU,ELP,0
BNA,DFW,0
SEA,AUS,0
IND,MIA,1
CLT,PHX,1
BOS,ORD,0
BNA,BOS,0
MIA,SFO,1
DEN,DFW,0
ORD,SDF,0
MCI,WAS,0
BNA,LAX,0
MCI,IND,0
MIA,DTW,0
BNA,ORD,0
MIA,ATL,0
IND,LAX,1
SAN,NYC,0
LAX,AUS,2
SEA,ATL,0
TPA,SAN,0
SAT,WAS,1
HOU,SEA,2
MIA,PHL,0
OKC,ATL,0
MSY,AUS,1
PHX,MSP,0
MIA,CMH,0
SFO,LAX,0
ELP,HOU,1
DEN,MIA,1
MIA,LAX,0
MEM,ORD,0
PDX,WAS,0
WAS,ABQ,2
MSY,WAS,0
ATL,CMH,0
PHX,CLT,0
SAN,ABQ,1
OMA,SAN,2
MIA,DFW,0
SMF,RDU,2
SEA,BNA,0
SAT,SAN,1
MKE,BOS,1
MIA,MKE,2
ATL,MSY,0
SAT,LAS,0
SFO,CMH,2
PHX,SFO,0
IND,ORD,0
IND,SFO,2
ABQ,SFO,0
IND,BOS,2
CMH,WAS,0
ORD,HOU,0
NYC,SAN,0
WAS,DFW,1
SDF,DFW,0
AUS,SFO,1
OMA,DTW,0
PDX,ORD,0
OKC,NYC,2
SAT,CMH,2
ORD,PHL,0
JAX,DFW,2
LAS,TPA,0
IND,LAX,0
MIA,NYC,0
TPA,RDU,0
BNA,LAX,1
LAX,ELP,0
ATL,PHF,0
ABQ,AUS,1
NYC,MKE,0
BNA,MKE,0
ABQ,ORD,1
JAX,DTW,0
ORD,MCI,0
BOS,RDU,0
TUL,ORD,2
ABQ,HOU,0
LAX,DFW,0
SFO,NYC,0
SFO,DTW,1
MEM,MSP,0
AUS,BOS,2
MIA,RDU,0
LAS,MSY,0
RDU,TPA,0
DTW,BOS,0
DTW,LAS,0
TUL,LAS,1
TUS,PHL,2
ABQ,MIA,2
SEA,MCI,0
SEA,SMF,0
TPA,HOU,0
LAS,MSY,0
LAX,BOS,0
DFW,MSY,0
SFO,PHL,0
TPA,SEA,2
ABQ,SAT,2
IND,LAS,1
NYC,SEA,0
OMA,DFW,0
WAS,OMA,2
MSP,TPA,1
DFW,ELP,0
LAS,PDX,0
ATL,HOU,0
NYC,DEN,0
MIA,MSY,0
DFW,OKC,0
LAX,HOU,2
SDF,MIA,2
SFO,TUS,0
AUS,MIA,0
PHX,AUS,0
PDX,MSP,0
PHL,DEN,0
BNA,WAS,0
BNA,SAT,1
WAS,MSY,0
CMH,PHX,1
PHX,RDU,1
DFW,MEM,0
JAX,BOS,2
SFO,TPA,1
DEN,ATL,0
LAX,WAS,0
DEN,CLT,0
AUS,PHX,1
PDX,AUS,0
SAN,OMA,0
PHL,TUS,2
SAN,DFW,0
ATL,MSP,0
LAX,WAS,0
JAX,DEN,2
LAS,ORD,0
DEN,NYC,0
SAN,WAS,0
MCI,SAN,1
JAX,MSY,2
BOS,PHX,0
BOS,JAX,2
RDU,HOU,0
MKE,ATL,1
WAS,AUS,0
RDU,SFO,2
SFO,OMA,2
CMH,NYC,0
NYC,MSY,0
ATL,TPA,0
TUS,AUS,2
PHL,TPA,1
NYC,SAT,0
RDU,PHX,2
MIA,BNA,0
BOS,RDU,2
PHL,LAX,0
LAS,DTW,0
DFW,NYC,0
ORD,SDF,0
ABQ,LAX,1
WAS,IND,0
NYC,SFO,0
SMF,DFW,0
SMF,WAS,0
DEN,DTW,0
TUL,HOU,1
TPA,MCI,0
MEM,DEN,0
AUS,DFW,0
SAT,LAX,2
OKC,WAS,0
SAN,ELP,0
LAX,AUS,0
NYC,DTW,0
DTW,SEA,0
MIA,MSY,0
MSY,TPA,0
ORD,PDX,0
SDF,LAX,2
BNA,BOS,0
PHL,MSY,0
RDU,SEA,0
ATL,NYC,0
AUS,RDU,2
AUS,LAX,2
BNA,NYC,0
HOU,DEN,0
JAX,PHX,2
CLT,ORD,0
SEA,ABQ,0
SAN,DTW,0
ATL,MKE,0
AUS,MIA,1
LAX,MSY,2
ATL,MIA,0
TUL,MSY,2
MCI,PHL,0
NYC,TPA,0
OKC,TPA,2
SEA,LAS,0
BOS,IND,0
FAT,PHX,0
PHL,ORD,0
ORD,PHF,0
SFO,TUL,2
SEA,OMA,0
NYC,HOU,0
LAX,LAS,0
LAX,SAT,0
SAT,SAN,0
NYC,IND,0
CLT,HOU,0
RDU,MIA,1
MSY,DFW,0
ELP,AUS,0
RDU,MIA,0
BNA,PHL,0
PHX,DEN,0
BNA,RDU,0
LAX,BNA,2
NYC,DFW,0
SAT,SEA,2
SEA,DTW,0
DEN,LAS,0
MKE,SAT,2
RDU,MIA,0
LAX,PHF,2
JAX,PHX,2
BOS,NYC,0
WAS,OMA,0
LAS,MCI,0
BNA,MSY,0
PHX,ATL,1
PHX,CMH,0
SFO,AUS,0
BNA,WAS,1
WAS,COS,2
ELP,MSY,2
BNA,WAS,0
DTW,HOU,0
MCI,SEA,0
BOS,SDF,2
SAT,MIA,0
FAT,SEA,0
BNA,SFO,0
MCI,MSY,0
JAX,NYC,0
BNA,MIA,0
JAX,PHL,0
MIA,SEA,0
ATL,DFW,0
LAX,CLT,0
MSY,BNA,0
CLT,JAX,0
RDU,PHL,0
BOS,AUS,2
OMA,WAS,0
MSP,CMH,0
DFW,RDU,0
PHL,OMA,0
SAT,NYC,0
WAS,ATL,0
SEA,LAX,0
SAT,HOU,0
PHX,MIA,1
SMF,MIA,2
LAX,NYC,0
DEN,MKE,0
SEA,ATL,0
OMA,AUS,2
PHX,TUL,0
JAX,WAS,0
BOS,DFW,0
LAX,PHL,0
MEM,LAX,0
PHL,SAT,2
SAN,IND,2
DFW,MKE,0
MEM,NYC,2
MSP,SFO,0
AUS,ELP,1
LAX,MKE,0
LAX,OKC,0
MSY,SFO,1
IND,SEA,2
DFW,TPA,0
ORD,DEN,0
ATL,MSP,0
PDX,WAS,0
ORD,SMF,0
MSP,DEN,0
BOS,AUS,0
SFO,MKE,2
HOU,SFO,0
SAT,MIA,1
TPA,DFW,1
BOS,MKE,0
TPA,NYC,0
IND,DTW,0
MIA,ORD,0
SDF,ORD,0
MIA,TPA,0
LAX,OMA,1
SFO,TPA,2
LAS,SEA,0
LAX,AUS,0
DTW,CMH,0
LAS,ELP,0
DEN,BNA,0
ATL,SMF,0
ORD,ELP,0
AUS,ORD,1
IND,HOU,1
DFW,MIA,0
BOS,LAS,0
PHX,RDU,0
CLT,DTW,0
ORD,AUS,0
IND,BOS,0
AUS,DTW,0
MKE,PHX,0
MSP,IND,0
ORD,HOU,0
RDU,NYC,0
LAS,SEA,0
MKE,DEN,0
SAN,DFW,0
LAX,ATL,0
SAT,WAS,2
BOS,LAS,0
SMF,SAN,0
PHL,HOU,0
WAS,MSP,0
WAS,MIA,0
SEA,SAT,0
BOS,PDX,0
MSP,CLT,0
ELP,HOU,0
ELP,SAN,0
SFO,PDX,0
PHL,RDU,0
ELP,ORD,0
CMH,DFW,0
LAX,BNA,0
WAS,SDF,0
CLT,NYC,0
DTW,PHF,0
DTW,NYC,0
PHX,MIA,2
WAS,SFO,2
PHL,PHF,0
OKC,LAS,0
RDU,AUS,1
OMA,LAS,0
WAS,ORD,0
SFO,MIA,2
CLT,NYC,0
SAT,PHX,0
PHX,IND,1
DFW,PDX,1
ORD,BOS,0
BNA,ORD,0
SMF,IND,2
SAT,SFO,1
NYC,BOS,0
SEA,MSY,2
DEN,IND,0
ORD,LAS,0
PHL,BOS,0
SAN,HOU,0
BNA,SFO,0
SAN,SEA,0
ATL,SAT,0
SFO,MEM,2
LAS,DFW,0
PHX,PDX,0
TPA,PHL,0
PDX,SAN,1
MSP,WAS,0
ATL,MSP,0
WAS,RDU,0
OMA,HOU,1
HOU,ORD,0
BOS,PHX,1
PHX,SFO,0
SEA,SFO,0
DFW,SFO,0
DTW,PHX,0
MSY,NYC,1
SAT,ATL,1
SFO,SDF,2
PHL,AUS,0
DFW,BNA,0
PHX,FAT,0
MSY,ORD,0
MSP,ORD,0
WAS,CMH,0
SFO,LAX,0
MCI,BOS,2
DEN,LAS,0
SAN,HOU,1
LAX,MKE,2
PHX,MKE,0
ABQ,HOU,0
AUS,MCI,0
HOU,WAS,0
IND,SAT,2
ORD,DTW,0
SAN,MCI,0
AUS,SMF,1
LAS,ORD,0
NYC,MEM,0
SFO,TUS,0
WAS,OMA,1
ATL,SAN,0
MCI,SAT,0
DFW,ORD,0
LAX,PHF,2
LAX,RDU,0
TUS,DEN,0
RDU,LAX,1
DEN,SEA,0
NYC,MCI,0
PDX,ORD,1
SFO,LAS,0
DTW,BOS,0
RDU,MIA,0
BOS,SMF,0
PHX,ORD,0
SAN,ABQ,0
TUL,BOS,2
TPA,ORD,0
TUS,LAX,0
AUS,LAX,1
MCI,SFO,0
LAX,SMF,0
DTW,BNA,0
BNA,NYC,0
DFW,DEN,0
LAX,MCI,2
CMH,MSY,2
PHX,BOS,2
LAS,LAX,0
MKE,NYC,0
IND,NYC,0
WAS,RDU,0
DEN,AUS,0
SFO,AUS,1
DEN,SAT,0
SFO,SEA,0
SFO,BOS,0
NYC,SAN,0
BOS,RDU,0
OKC,SFO,2
IND,WAS,0
PHX,MSP,0
BNA,DFW,0
ATL,DEN,0
LAX,PHL,2
LAX,DTW,1
MEM,TPA,0
BOS,SEA,0
MCI,LAS,0
NYC,ORD,0
RDU,DFW,0
MSP,TPA,2
MCI,SAT,1
LAS,NYC,0
MKE,SMF,2
IND,RDU,0
MSY,WAS,0
ATL,PHL,0
AUS,RDU,2
OMA,HOU,0
AUS,NYC,0
SFO,RDU,0
WAS,PHX,1
BOS,DTW,0
ELP,SAT,0
OKC,PHX,0
PHL,DTW,0
MEM,DFW,0
RDU,AUS,0
IND,ORD,0
FAT,ORD,0
BNA,MIA,1
NYC,SEA,0
BOS,SFO,0
NYC,DFW,0
MSY,DEN,0
MKE,BOS,1
PDX,MSP,0
MSP,HOU,0
AUS,DTW,0
MCI,LAX,2
PHL,HOU,0
DFW,LAX,1
LAS,TUS,0
SAN,MSP,0
PDX,SAN,0
SMF,SEA,0
RDU,BOS,2
SEA,HOU,0
TUL,NYC,2
MSP,ORD,0
TUL,DFW,0
TUS,SEA,0
AUS,RDU,1
HOU,MSY,0
NYC,BOS,0
CMH,LAS,1
WAS,MSP,0
SAT,DEN,0
CLT,ORD,0
ORD,WAS,0
SAT,SEA,0
TPA,LAX,2
SFO,ATL,0
NYC,MSP,0
CMH,BOS,0
AUS,NYC,1
HOU,RDU,1
MKE,HOU,0
BOS,LAS,0
SMF,DFW,1
PHF,NYC,0
HOU,NYC,0
MSY,HOU,0
SAT,TUL,2
DEN,SEA,0
LAS,SFO,0
SMF,AUS,0
AUS,MSP,0
SDF,NYC,0
AUS,ABQ,1
JAX,DEN,0
BNA,LAS,1
ELP,LAX,0
DEN,LAS,0
PHL,SAT,1
BNA,MSP,0
HOU,MKE,0
BOS,PHX,2
DTW,MSY,2
ATL,DFW,0
SAT,ATL,0
LAS,SEA,1
DFW,PHL,0
NYC,LAX,0
DFW,BOS,0
WAS,MSP,0
NYC,BNA,0
PHF,HOU,2
DTW,LAS,0
ORD,TPA,0
ORD,JAX,0
SFO,WAS,0
PHX,AUS,0
DFW,HOU,0
DFW,CLT,1
SAN,BNA,0
MSY,NYC,0
BOS,MCI,2
AUS,JAX,2
LAS,AUS,0
BOS,DEN,2
DTW,TPA,0
BNA,NYC,0
LAX,MSP,2
DEN,HOU,1
MCI,SEA,2
LAX,CLT,1
MEM,CLT,0
DEN,LAX,0
SEA,CLT,0
ORD,PHX,0
AUS,LAX,0
DTW,SFO,0
BOS,HOU,0
MSY,DEN,0
BOS,WAS,0
MSP,NYC,0
HOU,TPA,0
BOS,PHF,2
PDX,ORD,1
SAT,MCI,1
MCI,RDU,1
DFW,WAS,0
SAN,ORD,0
BOS,DTW,0
RDU,NYC,0
MEM,LAX,2
DEN,LAX,1
RDU,LAX,2
SFO,SAN,0
ABQ,LAX,0
LAX,TPA,1
SAT,HOU,0
ATL,SAN,0
JAX,PHF,2
OKC,MIA,2
PDX,LAS,0
DFW,SAN,1
PDX,LAX,2
DFW,OMA,0
JAX,LAS,2
LAS,SAT,0
MEM,DFW,0
HOU,MIA,0
PDX,SAN,1
ATL,TUL,0
LAS,WAS,2
WAS,BOS,0
PHL,LAS,1
PHL,SFO,0
IND,SAN,2
ELP,WAS,2
BOS,SAT,2
SAT,SFO,2
SAN,NYC,2
ABQ,WAS,2
ATL,PHX,0
LAX,CMH,2
LAX,BOS,0
AUS,SEA,0
LAX,BOS,0
NYC,LAX,0
NYC,ORD,0
SEA,MIA,0
ORD,LAX,0
SAT,SMF,2
NYC,CLT,0
ORD,DTW,0
MSP,ORD,0
PHX,PHL,0
CMH,LAS,0
JAX,WAS,0
TUS,WAS,2
LAX,WAS,0
LAX,MIA,2
MKE,SFO,2
MSY,SAN,1
PHX,SEA,0
PHF,NYC,0
DTW,PHX,0
ORD,HOU,0
AUS,PHL,2
DEN,MEM,0
HOU,MCI,0
WAS,JAX,0
DEN,HOU,0
NYC,RDU,0
SFO,SAT,1
LAX,ATL,2
ORD,TPA,0
LAS,SAN,0
SFO,MSY,0
SAN,LAS,0
RDU,DTW,0
LAS,ATL,0
HOU,IND,0
IND,LAS,0
DFW,BOS,0
SAT,WAS,2
DEN,SMF,1
MIA,DEN,0
PHL,SFO,0
MCI,ABQ,0
AUS,WAS,1
DEN,CLT,0
SFO,BNA,1
LAX,AUS,1
ELP,ORD,2
AUS,SFO,0
PHL,MSP,0
ATL,SEA,1
CLT,SAN,0
BOS,PHX,2
DFW,ORD,0
LAX,DFW,1
SAN,PDX,1
SMF,WAS,1
NYC,LAS,0
SFO,TPA,2
DEN,ABQ,0
NYC,SDF,0
SAN,MSP,0
NYC,MKE,0
MSY,DEN,0
SFO,AUS,0
CLT,NYC,0
TUL,SAT,2
LAX,OMA,2
TUL,DEN,0
HOU,ELP,0
LAX,MSY,2
ORD,OKC,0
BOS,BNA,2
PHX,SMF,0
MSY,DTW,0
MEM,SEA,2
PDX,DFW,0
SAN,WAS,2
LAX,BNA,2
NYC,BNA,0
BOS,DFW,2
PHF,TPA,2
OMA,BOS,2
LAS,MIA,1
ATL,IND,0
HOU,PHX,0
SMF,WAS,2
DFW,PDX,0
NYC,IND,0
MIA,LAS,0
NYC,ATL,0
LAS,NYC,2
LAX,MIA,2
PDX,LAX,1
SMF,ORD,2
MIA,NYC,0
SAT,NYC,2
DEN,CMH,0
MCI,DFW,0
DTW,SAT,2
AUS,PHX,0
TUL,TPA,2
TPA,BOS,0
DTW,LAS,0
SAT,BNA,0
TPA,DEN,1
SFO,TUS,0
PHX,SDF,1
ELP,LAX,2
ORD,CLT,0
DTW,AUS,0
CMH,PDX,2
WAS,LAX,0
MSP,MIA,1
TPA,MSY,0
CMH,TPA,0
SAT,NYC,0
ORD,MIA,1
PHL,TPA,0
DTW,MSP,0
SFO,IND,0
BNA,SEA,0
RDU,NYC,0
MCI,PHX,0
DFW,PHX,0
MKE,LAX,1
CMH,ORD,0
ATL,ELP,0
SMF,PHX,0
MIA,NYC,0
ORD,MSP,0
HOU,ABQ,0
SAN,SAT,0
LAX,MCI,2
LAS,CLT,0
ATL,AUS,0
PDX,SEA,0
DTW,MSY,0
LAX,SAT,2
TPA,LAS,2
TPA,BOS,2
PHX,MIA,0
SFO,WAS,2
MIA,BOS,0
ABQ,SMF,2
JAX,HOU,0
BOS,SAN,2
MCI,DTW,0
CLT,MSY,0
OKC,LAX,2
SDF,DFW,0
MIA,AUS,0
LAX,TPA,2
SMF,HOU,2
PHX,DEN,0
ORD,MSY,0
DTW,JAX,0
MSY,NYC,0
TPA,DFW,0
RDU,ORD,0
BNA,DTW,0
CLT,BOS,1
MSY,LAX,0
TPA,IND,0
PDX,BNA,0
MSP,PDX,0
LAS,MEM,0
DEN,MSP,0
SEA,MSP,0
LAS,MSP,0
LAS,SFO,0
TUL,LAS,0
OMA,LAS,0
PHF,TPA,0
MIA,PHF,0
MSP,ORD,0
BOS,MSP,0
PDX,LAS,0
LAS,AUS,0
LAX,MSP,0
OKC,LAS,0
SDF,LAS,0
PHL,MSP,0
TPA,MEM,0
AUS,MEM,0
AUS,LAS,0
TPA,CMH,0
MEM,MIA,0
IND,JAX,0
MSP,TPA,0
MSP,SAT,0
BNA,LAX,0
LAS,FAT,0
LAX,OKC,0
OKC,LAX,0
TPA,SDF,0
DFW,LAS,0
PDX,MSP,0
SDF,TPA,0
PHF,MIA,0
CMH,JAX,0
MSP,BNA,0
MEM,AUS,0
RDU,MSY,0
LAX,TUL,0
TPA,PHF,0
PHX,MEM,0
MSP,SFO,0
IND,TPA,0
MEM,LAS,0
MSP,PHL,0
FAT,LAS,0
MSP,LAX,0
ELP,SAN,0
MSP,NYC,0
MEM,TPA,0
ABQ,LAS,0
MSP,AUS,0
MIA,MEM,0
MKE,TPA,0
JAX,PHF,0
SAT,LAS,0
MSP,LAS,0
AUS,IND,0
MSP,MIA,0
MSP,PHX,0
BNA,TPA,0
MSP,WAS,0
CMH,MIA,0
IND,LAS,0
IND,MIA,0
ABQ,AUS,0
MEM,LAX,0
MSP,DEN,0
BNA,BOS,0
AUS,ABQ,0
MCI,TPA,0
MIA,IND,0
SDF,MIA,0
MSP,SEA,0
TPA,BNA,0
BOS,BNA,0
OMA,PHX,0
PHX,OMA,0
SAN,MSP,0
MSP,BOS,0
LAX,BNA,0
LAS,PHX,0
MIA,SDF,0
MSP,SAN,0
TUL,LAX,0
IND,AUS,0
TUL,TPA,0
ELP,LAS,0
OMA,TPA,0
SFO,MSP,0
PHX,LAS,0
CMH,TPA,0
PHX,MSP,0
MSP,MSY,0
