Market,AirlineCode,DepartureCitycode,ArrivalCitycode,Numberofconnections,Hub
DFW-DTW,DL,DFW,DTW,0,1
ORD-BNA,UA,ORD,BNA,0,1
IND-DFW,WN,IND,DFW,0,0
MCI-PHL,WN,MCI,PHL,1,0
DTW-HOU,NK,DTW,HOU,0,0
OMA-LAX,AA,OMA,LAX,0,1
MSY-WAS,WN,MSY,WAS,1,0
DEN-MCI,WN,DEN,MCI,0,0
LAX-DEN,WN,LAX,DEN,0,0
DTW-ATL,NK,DTW,ATL,0,0
RDU-MSY,DL,RDU,MSY,2,1
TPA-DFW,AA,TPA,DFW,0,1
SMF-BNA,WN,SMF,BNA,1,0
MSY-SFO,WN,MSY,SFO,0,0
MSP-LAS,DL,MSP,LAS,0,1
DEN-PDX,WN,DEN,PDX,0,0
MIA-DEN,UA,MIA,DEN,0,1
BOS-AUS,DL,BOS,AUS,0,1
PHX-MIA,AA,PHX,MIA,0,1
OMA-NYC,WN,OMA,NYC,2,0
ORD-TUL,AA,ORD,TUL,0,1
NYC-RDU,B6,NYC,RDU,0,0
DEN-OMA,UA,DEN,OMA,0,1
MSP-MEM,DL,MSP,MEM,0,1
WAS-DTW,NK,WAS,DTW,0,0
MCI-PHX,WN,MCI,PHX,1,0
SFO-SAN,UA,SFO,SAN,0,1
MCI-ATL,WN,MCI,ATL,0,0
ORD-SFO,AA,ORD,SFO,0,1
CMH-LAX,WN,CMH,LAX,2,0
MSY-LAX,DL,MSY,LAX,0,1
TPA-SEA,AA,TPA,SEA,2,1
DFW-CMH,WN,DFW,CMH,0,0
DFW-DTW,NK,DFW,DTW,0,0
BOS-SEA,AS,BOS,SEA,0,0
HOU-SAT,WN,HOU,SAT,0,0
DFW-ABQ,AA,DFW,ABQ,0,1
LAS-LAX,NK,LAS,LAX,0,0
PDX-MSY,WN,PDX,MSY,2,0
HOU-MEM,WN,HOU,MEM,0,0
OKC-ATL,WN,OKC,ATL,2,0
AUS-MIA,AA,AUS,MIA,0,1
MIA-AUS,B6,MIA,AUS,0,0
BOS-MIA,B6,BOS,MIA,0,0
LAX-IND,WN,LAX,IND,0,0
SEA-SFO,WN,SEA,SFO,0,0
MCI-DEN,UA,MCI,DEN,0,1
NYC-JAX,DL,NYC,JAX,0,1
JAX-ORD,NK,JAX,ORD,0,0
ORD-AUS,UA,ORD,AUS,0,1
DEN-MSP,WN,DEN,MSP,0,0
BOS-NYC,DL,BOS,NYC,0,1
MSY-LAX,NK,MSY,LAX,0,0
OMA-SAN,AS,OMA,SAN,0,0
AUS-OKC,WN,AUS,OKC,2,0
CMH-CLT,AA,CMH,CLT,0,1
MSY-ATL,NK,MSY,ATL,0,0
RDU-ORD,NK,RDU,ORD,0,0
ABQ-PHX,WN,ABQ,PHX,0,0
PHF-WAS,WN,PHF,WAS,0,0
DFW-SFO,WN,DFW,SFO,1,0
DEN-PHL,WN,DEN,PHL,1,0
LAX-DTW,NK,LAX,DTW,0,0
LAS-HOU,WN,LAS,HOU,0,0
DFW-HOU,WN,DFW,HOU,0,0
ORD-ELP,UA,ORD,ELP,0,1
PHX-MSY,WN,PHX,MSY,0,0
SFO-DEN,UA,SFO,DEN,0,1
NYC-SAT,UA,NYC,SAT,2,1
SAT-MSP,WN,SAT,MSP,2,0
ATL-WAS,DL,ATL,WAS,0,1
LAX-TUL,WN,LAX,TUL,2,0
PHF-BNA,DL,PHF,BNA,2,1
DEN-MSY,WN,DEN,MSY,1,0
ABQ-WAS,WN,ABQ,WAS,0,0
CMH-LAX,AA,CMH,LAX,2,1
SMF-DFW,WN,SMF,DFW,0,0
AUS-BNA,WN,AUS,BNA,0,0
SAN-SFO,WN,SAN,SFO,0,0
NYC-OKC,AA,NYC,OKC,2,1
RDU-BNA,WN,RDU,BNA,0,0
SFO-ABQ,WN,SFO,ABQ,1,0
OKC-NYC,UA,OKC,NYC,0,1
ABQ-MCI,WN,ABQ,MCI,0,0
DFW-SDF,WN,DFW,SDF,0,0
AUS-PDX,WN,AUS,PDX,2,0
MSP-PHX,AA,MSP,PHX,0,1
MEM-ORD,AA,MEM,ORD,0,1
MSY-ORD,WN,MSY,ORD,0,0
SAN-DFW,AA,SAN,DFW,0,1
SAN-MIA,B6,SAN,MIA,0,0
SFO-DTW,WN,SFO,DTW,2,0
SFO-ABQ,WN,SFO,ABQ,2,0
DEN-ORD,AA,DEN,ORD,0,1
ORD-DFW,NK,ORD,DFW,0,0
BNA-OMA,WN,BNA,OMA,2,0
DEN-JAX,WN,DEN,JAX,0,0
AUS-TPA,WN,AUS,TPA,1,0
CLT-DFW,WN,CLT,DFW,0,0
WAS-SEA,DL,WAS,SEA,0,1
LAX-RDU,UA,LAX,RDU,2,1
PHX-SEA,AA,PHX,SEA,0,1
SAT-LAX,DL,SAT,LAX,0,1
RDU-MSY,WN,RDU,MSY,2,0
PDX-SAN,WN,PDX,SAN,0,0
CMH-MIA,NK,CMH,MIA,0,0
ORD-OMA,UA,ORD,OMA,0,1
PDX-PHX,WN,PDX,PHX,1,0
MIA-LAS,AA,MIA,LAS,0,1
NYC-BNA,AA,NYC,BNA,0,1
PHX-MCI,AA,PHX,MCI,0,1
DTW-MIA,AA,DTW,MIA,0,1
SFO-MIA,UA,SFO,MIA,0,1
IND-SFO,UA,IND,SFO,0,1
MKE-MSY,DL,MKE,MSY,2,1
MCI-NYC,WN,MCI,NYC,0,0
CMH-SFO,AA,CMH,SFO,2,1
MSY-LAS,WN,MSY,LAS,0,0
TPA-SAT,WN,TPA,SAT,0,0
MSY-LAS,NK,MSY,LAS,0,0
MSP-LAX,NK,MSP,LAX,0,0
LAX-TUS,WN,LAX,TUS,0,0
LAS-MIA,B6,LAS,MIA,0,0
HOU-PDX,UA,HOU,PDX,0,1
TPA-CLT,AA,TPA,CLT,0,1
SMF-ATL,DL,SMF,ATL,0,1
NYC-MIA,UA,NYC,MIA,0,1
LAX-CLT,UA,LAX,CLT,2,1
AUS-ATL,WN,AUS,ATL,0,0
OMA-ORD,UA,OMA,ORD,0,1
MKE-ATL,DL,MKE,ATL,0,1
SMF-ORD,WN,SMF,ORD,1,0
BNA-CLT,AA,BNA,CLT,0,1
WAS-AUS,WN,WAS,AUS,0,0
MCI-DEN,WN,MCI,DEN,0,0
CMH-SAN,DL,CMH,SAN,2,1
DTW-MCI,NK,DTW,MCI,0,0
PDX-NYC,AS,PDX,NYC,1,0
PDX-MSY,UA,PDX,MSY,2,1
IND-WAS,DL,IND,WAS,2,1
MCI-MSP,DL,MCI,MSP,0,1
MEM-MIA,DL,MEM,MIA,2,1
NYC-ATL,AA,NYC,ATL,0,1
SEA-LAS,DL,SEA,LAS,0,1
PDX-PHX,DL,PDX,PHX,2,1
PHX-BOS,AA,PHX,BOS,1,1
MIA-BNA,WN,MIA,BNA,0,0
SMF-SAT,AA,SMF,SAT,2,1
RDU-IND,DL,RDU,IND,0,1
SMF-MIA,WN,SMF,MIA,2,0
PDX-ATL,DL,PDX,ATL,0,1
BNA-AUS,WN,BNA,AUS,0,0
PHX-RDU,AA,PHX,RDU,2,1
ATL-MIA,NK,ATL,MIA,0,0
LAS-WAS,WN,LAS,WAS,1,0
LAX-MCI,WN,LAX,MCI,0,0
DFW-MCI,WN,DFW,MCI,0,0
MCI-BOS,WN,MCI,BOS,1,0
SAN-NYC,AA,SAN,NYC,1,1
SEA-NYC,B6,SEA,NYC,0,0
DEN-ABQ,WN,DEN,ABQ,0,0
ORD-ATL,WN,ORD,ATL,0,0
MIA-DEN,WN,MIA,DEN,0,0
BOS-CLT,B6,BOS,CLT,0,0
ORD-RDU,DL,ORD,RDU,0,1
HOU-LAX,AA,HOU,LAX,0,1
IND-NYC,AA,IND,NYC,2,1
ORD-DEN,UA,ORD,DEN,0,1
AUS-BOS,WN,AUS,BOS,0,0
SDF-WAS,WN,SDF,WAS,0,0
WAS-MKE,WN,WAS,MKE,0,0
DTW-OMA,DL,DTW,OMA,0,1
DTW-DEN,NK,DTW,DEN,0,0
TPA-SFO,DL,TPA,SFO,2,1
LAS-SFO,WN,LAS,SFO,0,0
TPA-PHX,AA,TPA,PHX,0,1
DFW-JAX,WN,DFW,JAX,1,0
SAN-MSY,UA,SAN,MSY,2,1
MCI-NYC,WN,MCI,NYC,1,0
LAX-DFW,AA,LAX,DFW,0,1
TPA-MSY,NK,TPA,MSY,0,0
JAX-MEM,DL,JAX,MEM,2,1
SDF-LAS,WN,SDF,LAS,1,0
ATL-DEN,WN,ATL,DEN,0,0
AUS-HOU,UA,AUS,HOU,0,1
ATL-NYC,AA,ATL,NYC,0,1
MIA-SFO,AA,MIA,SFO,0,1
PHF-MIA,AA,PHF,MIA,0,1
PHL-MIA,WN,PHL,MIA,0,0
LAX-NYC,AA,LAX,NYC,0,1
LAX-ABQ,AA,LAX,ABQ,2,1
MIA-MSY,NK,MIA,MSY,0,0
ORD-JAX,NK,ORD,JAX,0,0
CLT-LAX,AA,CLT,LAX,0,1
HOU-BNA,UA,HOU,BNA,0,1
NYC-MSP,AA,NYC,MSP,0,1
ORD-NYC,DL,ORD,NYC,0,1
CMH-SFO,UA,CMH,SFO,2,1
SFO-MCI,WN,SFO,MCI,2,0
DFW-ATL,NK,DFW,ATL,0,0
TPA-LAX,WN,TPA,LAX,0,0
HOU-WAS,WN,HOU,WAS,0,0
CMH-MIA,DL,CMH,MIA,2,1
LAX-IND,UA,LAX,IND,2,1
MCI-NYC,WN,MCI,NYC,2,0
SFO-PHX,UA,SFO,PHX,0,1
SAT-WAS,WN,SAT,WAS,0,0
DTW-SEA,NK,DTW,SEA,0,0
TPA-ORD,NK,TPA,ORD,0,0
SEA-MIA,AA,SEA,MIA,2,1
PHL-LAS,AA,PHL,LAS,0,1
BNA-HOU,WN,BNA,HOU,1,0
ORD-JAX,WN,ORD,JAX,1,0
MSY-SAT,WN,MSY,SAT,1,0
OKC-DFW,WN,OKC,DFW,0,0
DFW-LAX,AA,DFW,LAX,0,1
SDF-CLT,AA,SDF,CLT,0,1
NYC-SFO,DL,NYC,SFO,0,1
PDX-SEA,DL,PDX,SEA,0,1
MSP-DFW,WN,MSP,DFW,0,0
BOS-SAT,DL,BOS,SAT,2,1
OMA-CLT,AA,OMA,CLT,0,1
ORD-MEM,UA,ORD,MEM,0,1
DEN-PDX,UA,DEN,PDX,0,1
BOS-DEN,WN,BOS,DEN,0,0
SAT-PHX,AA,SAT,PHX,0,1
IND-MIA,WN,IND,MIA,0,0
ATL-DFW,DL,ATL,DFW,0,1
ORD-PDX,WN,ORD,PDX,0,0
WAS-SEA,WN,WAS,SEA,2,0
SFO-CLT,AA,SFO,CLT,0,1
ATL-MCI,WN,ATL,MCI,0,0
WAS-ABQ,AA,WAS,ABQ,2,1
DFW-DTW,AA,DFW,DTW,0,1
WAS-SDF,UA,WAS,SDF,0,1
ATL-PDX,DL,ATL,PDX,0,1
PHX-BNA,AA,PHX,BNA,2,1
SAN-BOS,DL,SAN,BOS,2,1
DEN-MEM,UA,DEN,MEM,0,1
SAN-DEN,UA,SAN,DEN,0,1
LAX-PHL,DL,LAX,PHL,2,1
PHX-SAT,AA,PHX,SAT,0,1
TUL-NYC,AA,TUL,NYC,2,1
PDX-DEN,WN,PDX,DEN,0,0
PDX-BOS,DL,PDX,BOS,2,1
LAX-HOU,WN,LAX,HOU,0,0
RDU-AUS,AA,RDU,AUS,2,1
PHF-LAS,DL,PHF,LAS,2,1
MSY-ORD,NK,MSY,ORD,0,0
SAN-DTW,DL,SAN,DTW,0,1
DTW-SEA,DL,DTW,SEA,0,1
MIA-JAX,WN,MIA,JAX,0,0
BOS-MCI,DL,BOS,MCI,0,1
BOS-RDU,DL,BOS,RDU,0,1
PHX-DFW,NK,PHX,DFW,0,0
MSY-MSP,NK,MSY,MSP,0,0
TUL-TPA,AA,TUL,TPA,2,1
LAX-OMA,WN,LAX,OMA,0,0
DEN-PHL,UA,DEN,PHL,0,1
BOS-ORD,B6,BOS,ORD,0,0
MIA-HOU,AA,MIA,HOU,0,1
PHL-SMF,AA,PHL,SMF,2,1
WAS-TUS,AA,WAS,TUS,2,1
DTW-PDX,DL,DTW,PDX,1,1
MIA-LAS,B6,MIA,LAS,0,0
TPA-PHL,AA,TPA,PHL,0,1
LAX-WAS,AA,LAX,WAS,0,1
MCI-PHL,WN,MCI,PHL,2,0
CMH-DEN,WN,CMH,DEN,0,0
BOS-MCI,WN,BOS,MCI,0,0
LAX-TUS,AA,LAX,TUS,0,1
SAN-WAS,AS,SAN,WAS,0,0
DEN-DFW,NK,DEN,DFW,0,0
SMF-NYC,UA,SMF,NYC,1,1
SAN-MIA,AA,SAN,MIA,1,1
SAN-NYC,UA,SAN,NYC,0,1
RDU-MCI,DL,RDU,MCI,2,1
NYC-SEA,B6,NYC,SEA,0,0
JAX-BOS,WN,JAX,BOS,2,0
DFW-TUL,AA,DFW,TUL,0,1
HOU-ORD,AA,HOU,ORD,0,1
PHX-WAS,AA,PHX,WAS,2,1
ATL-MIA,AA,ATL,MIA,0,1
PHL-PDX,AA,PHL,PDX,2,1
SMF-DEN,UA,SMF,DEN,0,1
MIA-SFO,AA,MIA,SFO,2,1
LAS-PHL,AA,LAS,PHL,0,1
TPA-LAX,WN,TPA,LAX,1,0
LAX-MSY,AA,LAX,MSY,2,1
ORD-NYC,NK,ORD,NYC,0,0
AUS-NYC,WN,AUS,NYC,2,0
ELP-HOU,UA,ELP,HOU,0,1
ATL-PHX,DL,ATL,PHX,0,1
BOS-MSP,DL,BOS,MSP,0,1
TUL-SFO,WN,TUL,SFO,2,0
ORD-SEA,NK,ORD,SEA,0,0
WAS-PDX,AS,WAS,PDX,0,0
ORD-MIA,NK,ORD,MIA,0,0
JAX-MIA,WN,JAX,MIA,0,0
WAS-MSP,DL,WAS,MSP,0,1
LAS-MSP,DL,LAS,MSP,0,1
CMH-MIA,WN,CMH,MIA,1,0
MKE-MIA,DL,MKE,MIA,2,1
BNA-MSP,DL,BNA,MSP,0,1
ORD-SDF,UA,ORD,SDF,0,1
ABQ-SEA,WN,ABQ,SEA,2,0
DFW-CMH,WN,DFW,CMH,1,0
SAN-MIA,DL,SAN,MIA,2,1
BOS-DTW,DL,BOS,DTW,0,1
DTW-LAX,DL,DTW,LAX,0,1
SAN-ATL,WN,SAN,ATL,0,0
LAS-PDX,NK,LAS,PDX,0,0
OMA-TPA,WN,OMA,TPA,2,0
LAX-ORD,WN,LAX,ORD,1,0
LAS-DFW,AA,LAS,DFW,0,1
DTW-HOU,DL,DTW,HOU,0,1
MEM-WAS,WN,MEM,WAS,1,0
DFW-DTW,WN,DFW,DTW,0,0
NYC-PHF,UA,NYC,PHF,0,1
ABQ-BNA,WN,ABQ,BNA,2,0
SAT-SEA,WN,SAT,SEA,2,0
BNA-DTW,DL,BNA,DTW,0,1
CLT-TPA,AA,CLT,TPA,0,1
CMH-PHX,AA,CMH,PHX,0,1
WAS-HOU,UA,WAS,HOU,0,1
DTW-SAN,WN,DTW,SAN,2,0
PDX-SFO,AS,PDX,SFO,0,0
OMA-PHL,AA,OMA,PHL,0,1
TPA-BNA,WN,TPA,BNA,0,0
ATL-ORD,DL,ATL,ORD,0,1
WAS-OMA,DL,WAS,OMA,0,1
RDU-SFO,UA,RDU,SFO,1,1
MSP-OMA,DL,MSP,OMA,0,1
OKC-ORD,WN,OKC,ORD,1,0
DEN-AUS,WN,DEN,AUS,0,0
MIA-SFO,DL,MIA,SFO,2,1
TUL-LAX,AA,TUL,LAX,2,1
WAS-PHX,WN,WAS,PHX,0,0
SFO-MSP,DL,SFO,MSP,0,1
CLT-SFO,AA,CLT,SFO,0,1
SAT-MSY,WN,SAT,MSY,1,0
MSP-JAX,DL,MSP,JAX,0,1
MSY-PHX,WN,MSY,PHX,0,0
BNA-SEA,DL,BNA,SEA,0,1
PHX-ORD,AA,PHX,ORD,0,1
DEN-BOS,UA,DEN,BOS,0,1
MKE-BOS,DL,MKE,BOS,0,1
TPA-SFO,WN,TPA,SFO,2,0
MSP-SDF,DL,MSP,SDF,0,1
SAN-CMH,WN,SAN,CMH,2,0
LAX-PDX,DL,LAX,PDX,0,1
MSP-MCI,WN,MSP,MCI,0,0
SAT-BOS,AA,SAT,BOS,2,1
TPA-LAS,AA,TPA,LAS,2,1
AUS-SAN,AS,AUS,SAN,0,0
OKC-SMF,WN,OKC,SMF,2,0
DFW-SAN,WN,DFW,SAN,0,0
PDX-ABQ,WN,PDX,ABQ,2,0
JAX-DTW,NK,JAX,DTW,0,0
DTW-MIA,NK,DTW,MIA,0,0
SMF-ORD,AA,SMF,ORD,0,1
WAS-SFO,UA,WAS,SFO,1,1
LAX-LAS,AS,LAX,LAS,0,0
DFW-SEA,AA,DFW,SEA,0,1
SAT-LAX,WN,SAT,LAX,1,0
WAS-ATL,WN,WAS,ATL,0,0
WAS-ABQ,UA,WAS,ABQ,2,1
ABQ-NYC,B6,ABQ,NYC,0,0
AUS-WAS,NK,AUS,WAS,0,0
LAS-TPA,NK,LAS,TPA,0,0
SAN-MIA,AA,SAN,MIA,2,1
DFW-BOS,AA,DFW,BOS,1,1
AUS-SFO,AA,AUS,SFO,2,1
TUS-SFO,WN,TUS,SFO,1,0
PHL-ABQ,AA,PHL,ABQ,2,1
AUS-MSY,NK,AUS,MSY,0,0
MSP-TPA,NK,MSP,TPA,0,0
IND-BOS,DL,IND,BOS,0,1
NYC-LAS,B6,NYC,LAS,0,0
WAS-MSY,UA,WAS,MSY,0,1
MIA-CMH,AA,MIA,CMH,0,1
SFO-NYC,AA,SFO,NYC,0,1
WAS-SMF,UA,WAS,SMF,2,1
HOU-SEA,NK,HOU,SEA,0,0
ABQ-SAN,AS,ABQ,SAN,0,0
OMA-WAS,WN,OMA,WAS,1,0
MCI-CMH,WN,MCI,CMH,2,0
MIA-MSP,AA,MIA,MSP,0,1
CMH-SAT,WN,CMH,SAT,2,0
JAX-SEA,AA,JAX,SEA,2,1
LAX-SAT,DL,LAX,SAT,0,1
WAS-ATL,DL,WAS,ATL,0,1
MSP-SEA,DL,MSP,SEA,0,1
ORD-SAN,WN,ORD,SAN,0,0
ORD-ATL,NK,ORD,ATL,0,0
NYC-MCI,UA,NYC,MCI,0,1
SEA-MSY,AS,SEA,MSY,0,0
SDF-SFO,WN,SDF,SFO,2,0
MSY-MIA,WN,MSY,MIA,0,0
ORD-JAX,UA,ORD,JAX,0,1
RDU-LAX,AA,RDU,LAX,0,1
MIA-SEA,AA,MIA,SEA,1,1
ORD-DTW,DL,ORD,DTW,0,1
TUS-NYC,AA,TUS,NYC,2,1
DEN-WAS,UA,DEN,WAS,0,1
ELP-SAN,AS,ELP,SAN,0,0
PHF-JAX,DL,PHF,JAX,2,1
BNA-PHX,WN,BNA,PHX,1,0
SFO-MCI,AS,SFO,MCI,0,0
MKE-SAN,DL,MKE,SAN,2,1
PHX-NYC,AA,PHX,NYC,0,1
COS-HOU,UA,COS,HOU,0,1
ATL-LAS,NK,ATL,LAS,0,0
MCI-ATL,DL,MCI,ATL,0,1
NYC-PHX,DL,NYC,PHX,0,1
ATL-OMA,DL,ATL,OMA,0,1
ATL-TPA,NK,ATL,TPA,0,0
CLT-PHX,AA,CLT,PHX,0,1
IND-LAX,AA,IND,LAX,0,1
PHL-BOS,DL,PHL,BOS,0,1
SMF-MSY,UA,SMF,MSY,2,1
MIA-LAX,AA,MIA,LAX,2,1
DEN-TUL,UA,DEN,TUL,0,1
PHL-MIA,AA,PHL,MIA,0,1
MSP-ORD,WN,MSP,ORD,0,0
SAN-ATL,WN,SAN,ATL,1,0
JAX-WAS,AA,JAX,WAS,0,1
SMF-ORD,WN,SMF,ORD,0,0
SAN-NYC,AA,SAN,NYC,2,1
TPA-DTW,DL,TPA,DTW,0,1
LAX-PDX,WN,LAX,PDX,0,0
PHX-DTW,DL,PHX,DTW,0,1
NYC-LAX,AA,NYC,LAX,0,1
RDU-MKE,DL,RDU,MKE,2,1
LAX-ELP,AA,LAX,ELP,0,1
WAS-LAX,NK,WAS,LAX,0,0
SFO-TUS,WN,SFO,TUS,1,0
MSY-LAX,WN,MSY,LAX,1,0
PDX-CLT,DL,PDX,CLT,2,1
DTW-RDU,DL,DTW,RDU,0,1
ORD-MSY,NK,ORD,MSY,0,0
SAT-SMF,AA,SAT,SMF,2,1
LAX-SEA,AA,LAX,SEA,0,1
DTW-SAN,DL,DTW,SAN,0,1
PHX-HOU,WN,PHX,HOU,0,0
LAS-DEN,NK,LAS,DEN,0,0
PDX-WAS,WN,PDX,WAS,2,0
OKC-WAS,WN,OKC,WAS,1,0
PHX-LAX,AA,PHX,LAX,0,1
MSP-ABQ,DL,MSP,ABQ,0,1
BOS-MCI,WN,BOS,MCI,1,0
DEN-SAN,UA,DEN,SAN,0,1
WAS-COS,UA,WAS,COS,2,1
PHF-MSY,DL,PHF,MSY,2,1
MEM-NYC,AA,MEM,NYC,0,1
DTW-BNA,DL,DTW,BNA,0,1
PHX-JAX,WN,PHX,JAX,2,0
DFW-BOS,WN,DFW,BOS,1,0
SFO-ORD,AA,SFO,ORD,0,1
ATL-BNA,WN,ATL,BNA,0,0
DEN-JAX,WN,DEN,JAX,1,0
ORD-MEM,AA,ORD,MEM,0,1
BOS-TPA,WN,BOS,TPA,1,0
PHF-SAT,AA,PHF,SAT,2,1
ABQ-MIA,WN,ABQ,MIA,2,0
WAS-MIA,WN,WAS,MIA,0,0
MSP-TPA,DL,MSP,TPA,0,1
LAX-ABQ,WN,LAX,ABQ,2,0
MKE-LAS,WN,MKE,LAS,0,0
MIA-PHF,AA,MIA,PHF,0,1
LAX-LAS,NK,LAX,LAS,0,0
AUS-SMF,WN,AUS,SMF,0,0
TUS-SFO,UA,TUS,SFO,0,1
MSY-NYC,WN,MSY,NYC,2,0
AUS-MSY,WN,AUS,MSY,1,0
HOU-DTW,NK,HOU,DTW,0,0
COS-LAX,UA,COS,LAX,0,1
LAX-RDU,AA,LAX,RDU,2,1
HOU-RDU,UA,HOU,RDU,0,1
HOU-LAX,UA,HOU,LAX,0,1
SFO-IND,UA,SFO,IND,1,1
WAS-MCI,UA,WAS,MCI,0,1
PHL-MSY,NK,PHL,MSY,0,0
WAS-LAX,AS,WAS,LAX,0,0
BOS-CMH,DL,BOS,CMH,0,1
DTW-ORD,WN,DTW,ORD,0,0
MSY-BOS,B6,MSY,BOS,0,0
LAX-NYC,UA,LAX,NYC,0,1
ABQ-DEN,WN,ABQ,DEN,0,0
SMF-WAS,AA,SMF,WAS,2,1
AUS-ORD,AA,AUS,ORD,0,1
DEN-BOS,WN,DEN,BOS,2,0
LAS-OKC,WN,LAS,OKC,0,0
BNA-BOS,B6,BNA,BOS,0,0
OKC-NYC,AA,OKC,NYC,2,1
DTW-IND,DL,DTW,IND,0,1
MSP-WAS,WN,MSP,WAS,0,0
ATL-MSY,WN,ATL,MSY,0,0
OKC-LAS,AA,OKC,LAS,2,1
BNA-RDU,WN,BNA,RDU,0,0
MIA-MCI,WN,MIA,MCI,0,0
SFO-ORD,AS,SFO,ORD,0,0
SAT-MSY,WN,SAT,MSY,0,0
NYC-DFW,UA,NYC,DFW,0,1
TUL-HOU,WN,TUL,HOU,0,0
MIA-HOU,WN,MIA,HOU,0,0
LAS-SEA,AS,LAS,SEA,0,0
SEA-LAS,WN,SEA,LAS,0,0
PHF-DTW,DL,PHF,DTW,0,1
ORD-SFO,AS,ORD,SFO,0,0
SAT-PHL,WN,SAT,PHL,2,0
AUS-SEA,WN,AUS,SEA,2,0
PHX-BOS,DL,PHX,BOS,2,1
AUS-LAS,NK,AUS,LAS,0,0
ORD-BOS,AA,ORD,BOS,0,1
HOU-DFW,UA,HOU,DFW,0,1
DFW-ELP,WN,DFW,ELP,0,0
SFO-SEA,AS,SFO,SEA,0,0
PHL-LAX,AA,PHL,LAX,2,1
MSP-MIA,NK,MSP,MIA,0,0
BOS-PHX,AA,BOS,PHX,0,1
CLT-AUS,AA,CLT,AUS,0,1
MSY-WAS,NK,MSY,WAS,0,0
SFO-BOS,B6,SFO,BOS,0,0
SEA-ORD,UA,SEA,ORD,0,1
HOU-SMF,WN,HOU,SMF,2,0
SMF-WAS,UA,SMF,WAS,2,1
ATL-BOS,WN,ATL,BOS,0,0
MKE-DTW,DL,MKE,DTW,0,1
RDU-MIA,WN,RDU,MIA,0,0
SAN-LAS,WN,SAN,LAS,0,0
NYC-PHX,UA,NYC,PHX,0,1
RDU-SAN,AA,RDU,SAN,2,1
LAX-MCI,NK,LAX,MCI,0,0
BNA-MSP,WN,BNA,MSP,1,0
DFW-PHL,AA,DFW,PHL,0,1
DEN-SMF,WN,DEN,SMF,0,0
DEN-MSP,UA,DEN,MSP,0,1
SDF-TPA,WN,SDF,TPA,0,0
SAT-MEM,WN,SAT,MEM,2,0
BNA-ORD,UA,BNA,ORD,0,1
DEN-AUS,NK,DEN,AUS,0,0
ORD-DTW,AA,ORD,DTW,0,1
HOU-RDU,WN,HOU,RDU,0,0
OKC-DEN,WN,OKC,DEN,0,0
ORD-CMH,AA,ORD,CMH,0,1
SFO-OKC,WN,SFO,OKC,2,0
DFW-CLT,AA,DFW,CLT,0,1
IND-SEA,DL,IND,SEA,1,1
MIA-ORD,AA,MIA,ORD,0,1
FAT-DEN,UA,FAT,DEN,0,1
WAS-DEN,WN,WAS,DEN,0,0
LAS-MIA,AA,LAS,MIA,0,1
HOU-TUL,UA,HOU,TUL,0,1
DEN-PHX,UA,DEN,PHX,0,1
ATL-ABQ,DL,ATL,ABQ,0,1
LAX-CMH,AA,LAX,CMH,1,1
PHL-MCI,AA,PHL,MCI,0,1
TPA-DEN,UA,TPA,DEN,0,1
SFO-MKE,DL,SFO,MKE,2,1
SAN-MCI,WN,SAN,MCI,1,0
SFO-MIA,AA,SFO,MIA,0,1
SEA-SFO,UA,SEA,SFO,0,1
ABQ-PHL,WN,ABQ,PHL,2,0
WAS-SAT,DL,WAS,SAT,2,1
SEA-ORD,AA,SEA,ORD,0,1
OMA-WAS,WN,OMA,WAS,2,0
LAS-AUS,WN,LAS,AUS,0,0
SAT-ATL,WN,SAT,ATL,0,0
SAN-PDX,AS,SAN,PDX,0,0
MSY-SFO,UA,MSY,SFO,0,1
ORD-TUS,UA,ORD,TUS,0,1
MCI-MIA,AA,MCI,MIA,0,1
MKE-SEA,DL,MKE,SEA,0,1
MIA-ORD,WN,MIA,ORD,0,0
MKE-LAX,WN,MKE,LAX,2,0
DEN-HOU,NK,DEN,HOU,0,0
NYC-BOS,AA,NYC,BOS,0,1
RDU-DEN,AA,RDU,DEN,2,1
NYC-PHX,AA,NYC,PHX,0,1
PHL-HOU,AA,PHL,HOU,1,1
PDX-DFW,WN,PDX,DFW,0,0
PHL-HOU,UA,PHL,HOU,0,1
SEA-MIA,AA,SEA,MIA,1,1
DFW-AUS,AA,DFW,AUS,0,1
NYC-DFW,AA,NYC,DFW,0,1
PHX-ATL,AA,PHX,ATL,0,1
SEA-ELP,AS,SEA,ELP,0,0
LAX-DFW,DL,LAX,DFW,0,1
DFW-MSP,WN,DFW,MSP,0,0
MSP-OKC,DL,MSP,OKC,0,1
OKC-SEA,WN,OKC,SEA,2,0
TPA-HOU,WN,TPA,HOU,0,0
RDU-JAX,DL,RDU,JAX,2,1
SMF-ATL,WN,SMF,ATL,2,0
HOU-MSP,WN,HOU,MSP,2,0
LAS-LAX,AA,LAS,LAX,0,1
TUL-WAS,WN,TUL,WAS,2,0
MSP-DTW,DL,MSP,DTW,1,1
SAN-ORD,NK,SAN,ORD,0,0
ORD-WAS,WN,ORD,WAS,0,0
SAN-AUS,WN,SAN,AUS,0,0
FAT-SAN,AS,FAT,SAN,0,0
AUS-NYC,AA,AUS,NYC,0,1
MKE-MIA,WN,MKE,MIA,1,0
RDU-SFO,UA,RDU,SFO,0,1
MIA-ORD,DL,MIA,ORD,2,1
DTW-RDU,NK,DTW,RDU,0,0
ORD-SEA,WN,ORD,SEA,0,0
DTW-WAS,UA,DTW,WAS,0,1
PHF-NYC,UA,PHF,NYC,0,1
DFW-PDX,AS,DFW,PDX,0,0
PHL-SFO,AA,PHL,SFO,1,1
PDX-DEN,DL,PDX,DEN,2,1
RDU-PHL,DL,RDU,PHL,0,1
ORD-PDX,AA,ORD,PDX,0,1
DTW-ORD,DL,DTW,ORD,0,1
LAX-SFO,WN,LAX,SFO,0,0
LAX-DEN,DL,LAX,DEN,0,1
LAS-DTW,NK,LAS,DTW,0,0
DEN-PHX,WN,DEN,PHX,0,0
TPA-HOU,NK,TPA,HOU,0,0
WAS-PHX,AA,WAS,PHX,0,1
SEA-HOU,AS,SEA,HOU,0,0
WAS-PHF,WN,WAS,PHF,0,0
HOU-ATL,WN,HOU,ATL,0,0
AUS-NYC,AA,AUS,NYC,2,1
SFO-PDX,AS,SFO,PDX,0,0
SEA-MIA,DL,SEA,MIA,2,1
MSP-MSY,DL,MSP,MSY,0,1
SMF-MIA,UA,SMF,MIA,2,1
LAS-HOU,UA,LAS,HOU,0,1
PHX-CMH,AA,PHX,CMH,0,1
LAX-MEM,AA,LAX,MEM,2,1
BOS-TUS,AA,BOS,TUS,2,1
BOS-LAX,AA,BOS,LAX,0,1
DTW-DFW,DL,DTW,DFW,0,1
MIA-ATL,WN,MIA,ATL,0,0
LAX-WAS,WN,LAX,WAS,2,0
SAN-BOS,WN,SAN,BOS,2,0
JAX-PHL,DL,JAX,PHL,2,1
AUS-BOS,DL,AUS,BOS,0,1
PHL-AUS,WN,PHL,AUS,2,0
MKE-CLT,AA,MKE,CLT,0,1
OMA-LAX,WN,OMA,LAX,2,0
SFO-DFW,UA,SFO,DFW,0,1
AUS-ATL,DL,AUS,ATL,0,1
SDF-ATL,DL,SDF,ATL,0,1
MCI-MIA,WN,MCI,MIA,0,0
PHF-LAS,AA,PHF,LAS,2,1
PHX-MSP,DL,PHX,MSP,0,1
RDU-LAX,UA,RDU,LAX,2,1
HOU-SAT,UA,HOU,SAT,0,1
HOU-PHL,UA,HOU,PHL,0,1
JAX-BOS,DL,JAX,BOS,0,1
CMH-LAX,AA,CMH,LAX,0,1
ATL-RDU,WN,ATL,RDU,0,0
DFW-LAS,AA,DFW,LAS,0,1
WAS-PHX,AA,WAS,PHX,1,1
MKE-MCI,WN,MKE,MCI,0,0
CMH-TPA,DL,CMH,TPA,2,1
LAX-TPA,WN,LAX,TPA,0,0
WAS-LAS,NK,WAS,LAS,0,0
DEN-SFO,WN,DEN,SFO,1,0
DFW-LAS,NK,DFW,LAS,0,0
NYC-RDU,AA,NYC,RDU,0,1
SFO-LAS,UA,SFO,LAS,0,1
RDU-ORD,UA,RDU,ORD,0,1
LAS-CMH,WN,LAS,CMH,0,0
HOU-PHX,AA,HOU,PHX,0,1
PHX-SDF,WN,PHX,SDF,0,0
CLT-MKE,AA,CLT,MKE,0,1
NYC-SDF,DL,NYC,SDF,0,1
MCI-SFO,AA,MCI,SFO,2,1
LAX-ATL,WN,LAX,ATL,0,0
PHL-BNA,AA,PHL,BNA,0,1
AUS-DFW,AA,AUS,DFW,0,1
OKC-SFO,UA,OKC,SFO,0,1
MIA-MSY,AA,MIA,MSY,0,1
CMH-ORD,AA,CMH,ORD,0,1
WAS-SAN,DL,WAS,SAN,2,1
LAX-ELP,WN,LAX,ELP,2,0
ATL-ORD,WN,ATL,ORD,0,0
CLT-HOU,UA,CLT,HOU,0,1
ORD-RDU,UA,ORD,RDU,0,1
DFW-PHL,NK,DFW,PHL,0,0
WAS-LAS,AA,WAS,LAS,0,1
DEN-MKE,UA,DEN,MKE,0,1
TUS-MSP,AA,TUS,MSP,2,1
MSP-TUS,DL,MSP,TUS,0,1
ELP-SFO,AA,ELP,SFO,2,1
WAS-CMH,WN,WAS,CMH,0,0
PHX-DTW,WN,PHX,DTW,0,0
CMH-MCI,WN,CMH,MCI,2,0
MSY-MIA,WN,MSY,MIA,1,0
SAN-DEN,WN,SAN,DEN,1,0
CLT-MEM,AA,CLT,MEM,0,1
CMH-TPA,NK,CMH,TPA,0,0
COS-WAS,AA,COS,WAS,2,1
DTW-SMF,DL,DTW,SMF,2,1
DEN-SMF,UA,DEN,SMF,0,1
PHF-SAN,DL,PHF,SAN,2,1
PHF-ORD,WN,PHF,ORD,0,0
MCI-ORD,AA,MCI,ORD,0,1
CMH-DFW,AA,CMH,DFW,0,1
ORD-SAN,UA,ORD,SAN,0,1
LAS-LAX,DL,LAS,LAX,0,1
BOS-LAX,B6,BOS,LAX,0,0
BOS-SFO,B6,BOS,SFO,0,0
DEN-MIA,AA,DEN,MIA,0,1
ORD-SEA,UA,ORD,SEA,0,1
MIA-JAX,AA,MIA,JAX,0,1
BNA-JAX,WN,BNA,JAX,0,0
IND-JAX,DL,IND,JAX,2,1
TPA-SDF,WN,TPA,SDF,0,0
SAN-HOU,WN,SAN,HOU,0,0
BOS-SAN,DL,BOS,SAN,2,1
NYC-AUS,UA,NYC,AUS,0,1
SFO-MEM,UA,SFO,MEM,2,1
LAX-SDF,WN,LAX,SDF,2,0
RDU-LAX,DL,RDU,LAX,0,1
NYC-CLT,AA,NYC,CLT,0,1
HOU-ATL,UA,HOU,ATL,0,1
AUS-MSY,WN,AUS,MSY,0,0
NYC-HOU,UA,NYC,HOU,0,1
WAS-ORD,UA,WAS,ORD,0,1
BOS-MSP,B6,BOS,MSP,0,0
PHX-BNA,WN,PHX,BNA,1,0
SAT-SFO,UA,SAT,SFO,0,1
MIA-AUS,NK,MIA,AUS,0,0
LAS-LAX,WN,LAS,LAX,0,0
MIA-DEN,AA,MIA,DEN,1,1
SFO-RDU,WN,SFO,RDU,2,0
MSY-SFO,WN,MSY,SFO,2,0
TUL-SEA,WN,TUL,SEA,2,0
ABQ-ORD,AA,ABQ,ORD,0,1
LAX-MSP,NK,LAX,MSP,0,0
WAS-SFO,AS,WAS,SFO,0,0
CMH-MSY,WN,CMH,MSY,1,0
IND-TPA,WN,IND,TPA,0,0
SAN-BNA,WN,SAN,BNA,1,0
ORD-DFW,UA,ORD,DFW,0,1
WAS-LAS,WN,WAS,LAS,0,0
DTW-WAS,AA,DTW,WAS,0,1
MKE-LAS,WN,MKE,LAS,1,0
TUL-WAS,AA,TUL,WAS,2,1
LAX-MIA,AA,LAX,MIA,0,1
WAS-LAX,WN,WAS,LAX,2,0
PHF-DEN,UA,PHF,DEN,0,1
PHX-BOS,B6,PHX,BOS,0,0
JAX-ORD,DL,JAX,ORD,2,1
ORD-CLT,WN,ORD,CLT,0,0
PDX-BOS,B6,PDX,BOS,0,0
SAT-MIA,WN,SAT,MIA,0,0
SDF-MSP,DL,SDF,MSP,0,1
TPA-LAX,UA,TPA,LAX,2,1
SMF-WAS,WN,SMF,WAS,0,0
SFO-ELP,WN,SFO,ELP,2,0
WAS-MIA,NK,WAS,MIA,0,0
OMA-LAX,WN,OMA,LAX,1,0
NYC-MSY,NK,NYC,MSY,0,0
WAS-SMF,UA,WAS,SMF,1,1
WAS-AUS,UA,WAS,AUS,0,1
WAS-DEN,NK,WAS,DEN,0,0
MIA-SFO,UA,MIA,SFO,0,1
WAS-MSY,WN,WAS,MSY,0,0
PHL-JAX,AA,PHL,JAX,0,1
LAS-LAX,UA,LAS,LAX,0,1
BOS-HOU,WN,BOS,HOU,2,0
AUS-PHL,AA,AUS,PHL,0,1
PHX-BNA,WN,PHX,BNA,0,0
TPA-MSP,WN,TPA,MSP,2,0
SEA-MSP,DL,SEA,MSP,0,1
BOS-LAX,UA,BOS,LAX,0,1
DEN-DFW,WN,DEN,DFW,0,0
MCI-MIA,NK,MCI,MIA,0,0
AUS-PDX,AS,AUS,PDX,0,0
PHX-PDX,WN,PHX,PDX,1,0
AUS-BOS,WN,AUS,BOS,1,0
DFW-PDX,AA,DFW,PDX,0,1
DFW-DEN,UA,DFW,DEN,0,1
TPA-PHX,WN,TPA,PHX,0,0
BOS-SAN,UA,BOS,SAN,2,1
TUS-LAX,AA,TUS,LAX,0,1
NYC-MIA,NK,NYC,MIA,0,0
IND-LAX,WN,IND,LAX,2,0
SAT-TPA,WN,SAT,TPA,0,0
HOU-SFO,WN,HOU,SFO,0,0
WAS-TPA,WN,WAS,TPA,0,0
SAN-TPA,WN,SAN,TPA,0,0
WAS-SAN,UA,WAS,SAN,0,1
TPA-HOU,WN,TPA,HOU,1,0
BNA-SFO,DL,BNA,SFO,2,1
SAT-WAS,AA,SAT,WAS,2,1
BOS-MCI,DL,BOS,MCI,1,1
BOS-NYC,B6,BOS,NYC,0,0
SAN-DFW,WN,SAN,DFW,1,0
ELP-SFO,WN,ELP,SFO,2,0
RDU-LAS,DL,RDU,LAS,2,1
HOU-OKC,UA,HOU,OKC,0,1
RDU-ORD,AA,RDU,ORD,0,1
DFW-JAX,AA,DFW,JAX,0,1
SFO-MSY,WN,SFO,MSY,2,0
WAS-MSY,WN,WAS,MSY,1,0
MIA-LAX,B6,MIA,LAX,0,0
BOS-AUS,WN,BOS,AUS,2,0
SMF-PHL,AA,SMF,PHL,2,1
MCI-MIA,DL,MCI,MIA,2,1
AUS-SFO,AS,AUS,SFO,0,0
SFO-MSY,UA,SFO,MSY,0,1
PHL-ORD,WN,PHL,ORD,0,0
RDU-DFW,AA,RDU,DFW,0,1
LAX-OMA,AA,LAX,OMA,0,1
DTW-MIA,DL,DTW,MIA,0,1
HOU-BOS,WN,HOU,BOS,2,0
HOU-AUS,WN,HOU,AUS,0,0
RDU-SAT,AA,RDU,SAT,2,1
LAX-PDX,WN,LAX,PDX,2,0
PHL-MIA,NK,PHL,MIA,0,0
CLT-SAT,AA,CLT,SAT,0,1
IND-SEA,AS,IND,SEA,0,0
DEN-DTW,DL,DEN,DTW,0,1
WAS-PHX,UA,WAS,PHX,0,1
HOU-DTW,WN,HOU,DTW,2,0
DEN-MIA,UA,DEN,MIA,0,1
AUS-NYC,B6,AUS,NYC,0,0
AUS-ATL,NK,AUS,ATL,0,0
NYC-PDX,DL,NYC,PDX,0,1
DFW-LAX,WN,DFW,LAX,0,0
FAT-DFW,AA,FAT,DFW,0,1
JAX-MIA,B6,JAX,MIA,0,0
DFW-ORD,AA,DFW,ORD,0,1
RDU-DEN,UA,RDU,DEN,0,1
PDX-DEN,UA,PDX,DEN,0,1
DEN-NYC,DL,DEN,NYC,0,1
LAX-WAS,DL,LAX,WAS,2,1
MIA-LAS,NK,MIA,LAS,0,0
SFO-BOS,UA,SFO,BOS,0,1
SMF-PHX,AA,SMF,PHX,0,1
DFW-CLT,WN,DFW,CLT,0,0
WAS-AUS,AA,WAS,AUS,2,1
WAS-CMH,AA,WAS,CMH,0,1
LAX-SDF,AA,LAX,SDF,0,1
DTW-OKC,DL,DTW,OKC,0,1
LAX-RDU,DL,LAX,RDU,1,1
LAX-SAT,WN,LAX,SAT,2,0
PHX-SAN,AA,PHX,SAN,0,1
SFO-IND,UA,SFO,IND,0,1
ORD-SAT,WN,ORD,SAT,0,0
ATL-CLT,AA,ATL,CLT,0,1
SMF-NYC,AA,SMF,NYC,2,1
ATL-SAT,WN,ATL,SAT,0,0
SFO-HOU,UA,SFO,HOU,1,1
PHX-SEA,WN,PHX,SEA,0,0
HOU-LAS,WN,HOU,LAS,0,0
LAX-TUS,DL,LAX,TUS,0,1
SFO-ATL,WN,SFO,ATL,2,0
SEA-NYC,DL,SEA,NYC,0,1
HOU-MSY,NK,HOU,MSY,0,0
ATL-PHX,AA,ATL,PHX,0,1
HOU-DEN,UA,HOU,DEN,0,1
SEA-TPA,AS,SEA,TPA,0,0
ORD-ABQ,AA,ORD,ABQ,0,1
MIA-RDU,B6,MIA,RDU,0,0
ORD-PHL,WN,ORD,PHL,0,0
SEA-DEN,UA,SEA,DEN,0,1
BNA-WAS,AA,BNA,WAS,0,1
HOU-TPA,WN,HOU,TPA,0,0
WAS-ELP,WN,WAS,ELP,2,0
MKE-LAX,AA,MKE,LAX,2,1
MEM-LAS,WN,MEM,LAS,2,0
DEN-SAT,UA,DEN,SAT,0,1
PHL-ORD,UA,PHL,ORD,0,1
MCI-HOU,WN,MCI,HOU,0,0
LAX-ABQ,DL,LAX,ABQ,0,1
DTW-DEN,DL,DTW,DEN,0,1
PHL-LAS,WN,PHL,LAS,2,0
ORD-WAS,AA,ORD,WAS,0,1
DFW-MEM,AA,DFW,MEM,0,1
MKE-DFW,WN,MKE,DFW,1,0
ORD-OKC,UA,ORD,OKC,0,1
OMA-LAX,WN,OMA,LAX,0,0
SEA-SAN,DL,SEA,SAN,0,1
PHL-DFW,WN,PHL,DFW,0,0
TPA-WAS,UA,TPA,WAS,0,1
CLT-SEA,AA,CLT,SEA,0,1
DEN-DTW,NK,DEN,DTW,0,0
TPA-LAS,NK,TPA,LAS,0,0
MEM-BOS,DL,MEM,BOS,2,1
DFW-MSP,NK,DFW,MSP,0,0
BNA-MCI,WN,BNA,MCI,0,0
NYC-HOU,WN,NYC,HOU,0,0
LAX-BNA,WN,LAX,BNA,0,0
SAT-OKC,WN,SAT,OKC,2,0
MEM-JAX,DL,MEM,JAX,2,1
PHX-TPA,AA,PHX,TPA,0,1
SMF-BOS,UA,SMF,BOS,2,1
ATL-NYC,UA,ATL,NYC,0,1
LAX-MSY,WN,LAX,MSY,1,0
MKE-TPA,WN,MKE,TPA,1,0
SMF-OKC,WN,SMF,OKC,2,0
LAX-RDU,WN,LAX,RDU,2,0
RDU-DTW,DL,RDU,DTW,0,1
MCI-CLT,AA,MCI,CLT,0,1
SFO-DTW,DL,SFO,DTW,0,1
DEN-TPA,UA,DEN,TPA,0,1
PHX-LAS,WN,PHX,LAS,0,0
CLT-SFO,AA,CLT,SFO,1,1
MIA-PHL,AA,MIA,PHL,0,1
DFW-MIA,WN,DFW,MIA,0,0
PHL-DFW,AA,PHL,DFW,0,1
RDU-SEA,DL,RDU,SEA,1,1
TUL-ATL,DL,TUL,ATL,0,1
LAX-LAS,WN,LAX,LAS,0,0
WAS-HOU,WN,WAS,HOU,1,0
OMA-NYC,UA,OMA,NYC,0,1
MEM-HOU,UA,MEM,HOU,0,1
MEM-DEN,UA,MEM,DEN,0,1
PDX-SAT,WN,PDX,SAT,2,0
TUL-DEN,UA,TUL,DEN,0,1
SAT-MSP,DL,SAT,MSP,0,1
SAT-LAX,AA,SAT,LAX,2,1
HOU-MKE,WN,HOU,MKE,1,0
PHX-WAS,AA,PHX,WAS,1,1
DEN-NYC,WN,DEN,NYC,0,0
DFW-TUL,WN,DFW,TUL,0,0
LAX-PHX,AA,LAX,PHX,0,1
LAS-WAS,DL,LAS,WAS,2,1
NYC-OMA,DL,NYC,OMA,0,1
CMH-BOS,AA,CMH,BOS,2,1
MEM-SFO,DL,MEM,SFO,2,1
AUS-CMH,WN,AUS,CMH,2,0
SDF-NYC,DL,SDF,NYC,0,1
SMF-NYC,B6,SMF,NYC,0,0
SAN-DEN,WN,SAN,DEN,0,0
ATL-CLT,DL,ATL,CLT,0,1
SFO-ELP,AA,SFO,ELP,2,1
CLT-MIA,AA,CLT,MIA,1,1
ATL-SFO,UA,ATL,SFO,0,1
BOS-SFO,UA,BOS,SFO,0,1
PHX-LAS,AA,PHX,LAS,0,1
BOS-SDF,WN,BOS,SDF,2,0
BNA-MIA,AA,BNA,MIA,0,1
LAX-DFW,WN,LAX,DFW,0,0
MSY-CLT,AA,MSY,CLT,0,1
PHX-DTW,AA,PHX,DTW,0,1
ATL-LAX,AA,ATL,LAX,0,1
ABQ-ORD,WN,ABQ,ORD,0,0
PHL-LAS,NK,PHL,LAS,0,0
BNA-SMF,WN,BNA,SMF,2,0
MIA-ORD,NK,MIA,ORD,0,0
DTW-ATL,WN,DTW,ATL,0,0
PHL-MSY,WN,PHL,MSY,2,0
RDU-WAS,DL,RDU,WAS,0,1
PDX-BNA,AS,PDX,BNA,2,0
DTW-JAX,DL,DTW,JAX,1,1
TPA-SFO,UA,TPA,SFO,0,1
SFO-MSP,WN,SFO,MSP,0,0
MEM-BOS,AA,MEM,BOS,2,1
LAX-ORD,WN,LAX,ORD,0,0
WAS-ATL,AA,WAS,ATL,0,1
LAX-TUS,AA,LAX,TUS,2,1
DTW-PHL,NK,DTW,PHL,0,0
LAX-PHF,UA,LAX,PHF,2,1
CLT-LAS,WN,CLT,LAS,2,0
ORD-OMA,WN,ORD,OMA,0,0
RDU-BOS,NK,RDU,BOS,0,0
MIA-ATL,B6,MIA,ATL,0,0
BNA-HOU,WN,BNA,HOU,0,0
DFW-SMF,WN,DFW,SMF,0,0
TPA-LAS,WN,TPA,LAS,0,0
NYC-TPA,DL,NYC,TPA,0,1
MSY-AUS,NK,MSY,AUS,0,0
NYC-SFO,AA,NYC,SFO,0,1
TPA-IND,WN,TPA,IND,0,0
MIA-HOU,NK,MIA,HOU,0,0
DTW-PHX,DL,DTW,PHX,0,1
SEA-FAT,AS,SEA,FAT,0,0
IND-MSY,DL,IND,MSY,2,1
PHX-WAS,UA,PHX,WAS,0,1
MKE-DFW,WN,MKE,DFW,0,0
TUL-ORD,AA,TUL,ORD,0,1
CMH-BNA,WN,CMH,BNA,0,0
MIA-WAS,NK,MIA,WAS,0,0
BNA-DEN,UA,BNA,DEN,0,1
ORD-LAX,UA,ORD,LAX,0,1
SMF-ORD,UA,SMF,ORD,0,1
TUS-LAS,WN,TUS,LAS,0,0
BOS-OKC,AA,BOS,OKC,2,1
NYC-ABQ,B6,NYC,ABQ,0,0
SAT-PHL,AA,SAT,PHL,0,1
WAS-SAT,UA,WAS,SAT,0,1
WAS-NYC,AA,WAS,NYC,0,1
NYC-RDU,UA,NYC,RDU,0,1
ATL-WAS,WN,ATL,WAS,0,0
NYC-BOS,DL,NYC,BOS,0,1
SAT-DEN,WN,SAT,DEN,1,0
SDF-LAS,WN,SDF,LAS,0,0
MIA-PHX,AA,MIA,PHX,0,1
BOS-LAS,WN,BOS,LAS,2,0
MSP-SAN,DL,MSP,SAN,0,1
MIA-DEN,AA,MIA,DEN,0,1
HOU-MCI,UA,HOU,MCI,0,1
MCI-ORD,WN,MCI,ORD,0,0
MCI-DFW,AA,MCI,DFW,0,1
AUS-LAX,WN,AUS,LAX,2,0
SFO-SEA,UA,SFO,SEA,0,1
BNA-ATL,DL,BNA,ATL,0,1
MKE-ATL,WN,MKE,ATL,0,0
NYC-CMH,DL,NYC,CMH,0,1
PHL-DEN,AA,PHL,DEN,1,1
DFW-OKC,AA,DFW,OKC,0,1
SAT-WAS,UA,SAT,WAS,0,1
NYC-ORD,AA,NYC,ORD,0,1
LAS-CMH,NK,LAS,CMH,0,0
MIA-SAN,AA,MIA,SAN,1,1
ABQ-ATL,DL,ABQ,ATL,0,1
WAS-RDU,NK,WAS,RDU,0,0
MCI-AUS,WN,MCI,AUS,0,0
ORD-RDU,WN,ORD,RDU,0,0
CLT-LAX,AA,CLT,LAX,2,1
LAS-PHX,AA,LAS,PHX,0,1
MKE-MSY,WN,MKE,MSY,2,0
RDU-ATL,DL,RDU,ATL,0,1
BOS-SAN,AS,BOS,SAN,0,0
PHL-MSY,DL,PHL,MSY,2,1
AUS-ELP,WN,AUS,ELP,0,0
PHX-NYC,WN,PHX,NYC,2,0
NYC-ABQ,AA,NYC,ABQ,2,1
CMH-ORD,UA,CMH,ORD,0,1
LAX-MIA,B6,LAX,MIA,0,0
TPA-ATL,DL,TPA,ATL,0,1
MIA-DFW,WN,MIA,DFW,0,0
FAT-WAS,UA,FAT,WAS,2,1
NYC-DTW,NK,NYC,DTW,0,0
BOS-MSY,B6,BOS,MSY,0,0
SFO-SAT,AA,SFO,SAT,2,1
MSP-ATL,NK,MSP,ATL,0,0
CLT-LAS,AA,CLT,LAS,0,1
MKE-AUS,WN,MKE,AUS,2,0
MKE-BNA,WN,MKE,BNA,1,0
RDU-SAN,DL,RDU,SAN,2,1
HOU-SMF,UA,HOU,SMF,0,1
PDX-ORD,AS,PDX,ORD,0,0
IND-LAS,NK,IND,LAS,0,0
SFO-PHL,AS,SFO,PHL,0,0
LAX-NYC,DL,LAX,NYC,0,1
PHL-PHX,AA,PHL,PHX,1,1
DEN-WAS,UA,DEN,WAS,1,1
NYC-LAX,AS,NYC,LAX,0,0
SAN-PHX,WN,SAN,PHX,0,0
OKC-DEN,UA,OKC,DEN,0,1
RDU-SFO,AA,RDU,SFO,2,1
SEA-LAX,DL,SEA,LAX,0,1
ORD-CMH,WN,ORD,CMH,0,0
SAT-LAX,WN,SAT,LAX,0,0
LAS-HOU,NK,LAS,HOU,0,0
MKE-SFO,WN,MKE,SFO,2,0
OMA-SMF,WN,OMA,SMF,2,0
AUS-RDU,WN,AUS,RDU,0,0
BOS-TPA,DL,BOS,TPA,0,1
LAX-TPA,DL,LAX,TPA,1,1
ATL-DTW,DL,ATL,DTW,0,1
BOS-ATL,DL,BOS,ATL,0,1
DTW-TPA,DL,DTW,TPA,0,1
HOU-NYC,NK,HOU,NYC,0,0
CLT-LAX,AA,CLT,LAX,1,1
SFO-RDU,UA,SFO,RDU,1,1
ORD-OMA,AA,ORD,OMA,0,1
HOU-MSP,NK,HOU,MSP,0,0
MCI-PHX,AA,MCI,PHX,0,1
PHL-CLT,AA,PHL,CLT,0,1
MCI-WAS,UA,MCI,WAS,0,1
SFO-DTW,UA,SFO,DTW,0,1
BOS-NYC,UA,BOS,NYC,0,1
HOU-MKE,UA,HOU,MKE,0,1
CMH-TPA,WN,CMH,TPA,1,0
BOS-DFW,NK,BOS,DFW,0,0
BNA-LAX,WN,BNA,LAX,2,0
DFW-MCI,AA,DFW,MCI,0,1
SFO-MIA,UA,SFO,MIA,2,1
SAN-NYC,WN,SAN,NYC,0,0
AUS-DEN,WN,AUS,DEN,0,0
ORD-ABQ,WN,ORD,ABQ,0,0
LAS-SFO,NK,LAS,SFO,0,0
SFO-PHL,WN,SFO,PHL,2,0
PHL-PHX,WN,PHL,PHX,0,0
WAS-SEA,NK,WAS,SEA,0,0
MSY-WAS,WN,MSY,WAS,0,0
WAS-RDU,DL,WAS,RDU,0,1
PDX-MIA,AA,PDX,MIA,2,1
MCI-LAX,NK,MCI,LAX,0,0
AUS-ORD,UA,AUS,ORD,0,1
OMA-SAT,WN,OMA,SAT,2,0
OMA-MSP,DL,OMA,MSP,0,1
WAS-MIA,B6,WAS,MIA,0,0
SAN-SAT,WN,SAN,SAT,1,0
PDX-ABQ,AS,PDX,ABQ,0,0
SMF-PDX,AS,SMF,PDX,0,0
AUS-IND,WN,AUS,IND,2,0
LAX-HOU,UA,LAX,HOU,0,1
ORD-NYC,WN,ORD,NYC,0,0
MIA-NYC,AA,MIA,NYC,0,1
MIA-DFW,NK,MIA,DFW,0,0
SDF-HOU,WN,SDF,HOU,0,0
NYC-COS,UA,NYC,COS,2,1
LAX-ORD,UA,LAX,ORD,0,1
DTW-ORD,AA,DTW,ORD,0,1
ATL-COS,DL,ATL,COS,0,1
NYC-SEA,DL,NYC,SEA,0,1
DTW-SAN,NK,DTW,SAN,0,0
PHX-DFW,AA,PHX,DFW,0,1
SFO-MSY,UA,SFO,MSY,1,1
WAS-BOS,WN,WAS,BOS,0,0
AUS-WAS,WN,AUS,WAS,0,0
ORD-IND,AA,ORD,IND,0,1
BNA-SFO,WN,BNA,SFO,2,0
ATL-OKC,DL,ATL,OKC,0,1
BOS-WAS,B6,BOS,WAS,0,0
MCI-TPA,WN,MCI,TPA,0,0
CLT-SEA,DL,CLT,SEA,2,1
JAX-BNA,DL,JAX,BNA,2,1
CLT-LAS,AA,CLT,LAS,1,1
SAT-BOS,WN,SAT,BOS,2,0
LAS-MIA,NK,LAS,MIA,0,0
SEA-DTW,AS,SEA,DTW,0,0
PHF-MIA,DL,PHF,MIA,2,1
DEN-ELP,WN,DEN,ELP,0,0
DFW-MSY,AA,DFW,MSY,0,1
ORD-DFW,WN,ORD,DFW,0,0
DFW-CMH,AA,DFW,CMH,0,1
TPA-BOS,WN,TPA,BOS,1,0
PDX-DTW,DL,PDX,DTW,1,1
PHX-SAN,WN,PHX,SAN,0,0
SAN-WAS,AA,SAN,WAS,2,1
TPA-LAS,WN,TPA,LAS,1,0
LAS-BOS,WN,LAS,BOS,2,0
PHL-RDU,DL,PHL,RDU,0,1
MIA-ATL,DL,MIA,ATL,0,1
CLT-DEN,AA,CLT,DEN,0,1
BOS-SFO,AA,BOS,SFO,2,1
CLT-LAX,UA,CLT,LAX,2,1
TPA-MIA,NK,TPA,MIA,0,0
SEA-PHL,AA,SEA,PHL,0,1
SDF-DEN,WN,SDF,DEN,0,0
ORD-SAN,AA,ORD,SAN,0,1
BOS-TPA,WN,BOS,TPA,0,0
PDX-WAS,AS,PDX,WAS,2,0
SAN-PHX,AA,SAN,PHX,0,1
SAT-LAX,UA,SAT,LAX,0,1
TPA-WAS,NK,TPA,WAS,0,0
ABQ-NYC,AA,ABQ,NYC,2,1
SFO-HOU,WN,SFO,HOU,1,0
TUL-ORD,UA,TUL,ORD,0,1
PDX-ORD,AA,PDX,ORD,0,1
MSY-LAS,WN,MSY,LAS,1,0
IND-PHL,AA,IND,PHL,0,1
PHF-SFO,AA,PHF,SFO,2,1
JAX-NYC,B6,JAX,NYC,0,0
TUL-DFW,AA,TUL,DFW,0,1
BOS-BNA,B6,BOS,BNA,0,0
SDF-WAS,AA,SDF,WAS,0,1
WAS-OKC,UA,WAS,OKC,0,1
LAX-MSY,AA,LAX,MSY,0,1
MEM-MIA,AA,MEM,MIA,0,1
HOU-OMA,WN,HOU,OMA,0,0
MSP-DEN,DL,MSP,DEN,0,1
ORD-MSP,UA,ORD,MSP,0,1
SEA-TPA,UA,SEA,TPA,2,1
BOS-MSY,WN,BOS,MSY,2,0
DEN-MSP,DL,DEN,MSP,0,1
PHX-OMA,AA,PHX,OMA,0,1
HOU-MEM,UA,HOU,MEM,0,1
LAX-DFW,AS,LAX,DFW,0,0
SEA-ORD,AS,SEA,ORD,0,0
WAS-DEN,UA,WAS,DEN,0,1
CMH-ATL,WN,CMH,ATL,0,0
NYC-AUS,B6,NYC,AUS,0,0
MSY-SAT,WN,MSY,SAT,0,0
SAN-DTW,WN,SAN,DTW,2,0
DFW-PHX,AA,DFW,PHX,0,1
PDX-SMF,WN,PDX,SMF,0,0
MSP-RDU,DL,MSP,RDU,0,1
DFW-SAT,WN,DFW,SAT,0,0
DFW-DEN,AA,DFW,DEN,0,1
PDX-SFO,UA,PDX,SFO,0,1
MCI-LAS,WN,MCI,LAS,0,0
JAX-MIA,NK,JAX,MIA,0,0
CLT-ATL,AA,CLT,ATL,0,1
MIA-SEA,AS,MIA,SEA,0,0
SAT-SEA,UA,SAT,SEA,2,1
DEN-LAX,DL,DEN,LAX,0,1
ATL-BOS,B6,ATL,BOS,0,0
PHX-DEN,UA,PHX,DEN,0,1
ABQ-SAN,WN,ABQ,SAN,0,0
OMA-SFO,UA,OMA,SFO,0,1
MSP-MSY,DL,MSP,MSY,1,1
AUS-LAS,AA,AUS,LAS,2,1
HOU-PHL,WN,HOU,PHL,1,0
AUS-LAX,DL,AUS,LAX,0,1
SEA-PHX,DL,SEA,PHX,0,1
AUS-WAS,DL,AUS,WAS,2,1
MKE-WAS,DL,MKE,WAS,2,1
DFW-ABQ,WN,DFW,ABQ,0,0
BOS-SAT,WN,BOS,SAT,2,0
SDF-MSY,DL,SDF,MSY,2,1
PHX-MSY,AA,PHX,MSY,2,1
LAS-NYC,B6,LAS,NYC,0,0
PHL-MSP,DL,PHL,MSP,0,1
ELP-PHX,AA,ELP,PHX,0,1
PHL-CMH,AA,PHL,CMH,0,1
MKE-SAN,WN,MKE,SAN,2,0
CLT-HOU,AA,CLT,HOU,0,1
SAN-PHL,WN,SAN,PHL,2,0
MCI-ORD,UA,MCI,ORD,0,1
MSP-TUL,DL,MSP,TUL,0,1
CLT-WAS,AA,CLT,WAS,0,1
DFW-TPA,WN,DFW,TPA,1,0
ORD-SAN,NK,ORD,SAN,0,0
ABQ-SAN,WN,ABQ,SAN,1,0
AUS-SAN,WN,AUS,SAN,0,0
WAS-PDX,UA,WAS,PDX,0,1
ORD-SEA,AA,ORD,SEA,0,1
JAX-ORD,WN,JAX,ORD,0,0
WAS-SFO,WN,WAS,SFO,1,0
PHF-SAT,DL,PHF,SAT,2,1
ORD-DEN,WN,ORD,DEN,0,0
TPA-MCI,WN,TPA,MCI,1,0
SEA-WAS,UA,SEA,WAS,0,1
ORD-WAS,NK,ORD,WAS,0,0
BOS-IND,AA,BOS,IND,2,1
CMH-MIA,AA,CMH,MIA,0,1
LAX-LAS,B6,LAX,LAS,0,0
AUS-NYC,UA,AUS,NYC,0,1
ORD-LAS,UA,ORD,LAS,0,1
DFW-BOS,NK,DFW,BOS,0,0
PHL-IND,AA,PHL,IND,0,1
MEM-LAX,AA,MEM,LAX,2,1
SDF-MIA,DL,SDF,MIA,2,1
DEN-HOU,WN,DEN,HOU,0,0
ELP-WAS,WN,ELP,WAS,2,0
LAX-BNA,DL,LAX,BNA,0,1
BNA-SAT,WN,BNA,SAT,0,0
PHL-DFW,AA,PHL,DFW,1,1
DEN-SDF,WN,DEN,SDF,0,0
ORD-DFW,AA,ORD,DFW,0,1
NYC-TUS,AA,NYC,TUS,2,1
AUS-PHX,WN,AUS,PHX,0,0
SAN-LAS,DL,SAN,LAS,0,1
LAX-PHX,DL,LAX,PHX,0,1
OKC-ORD,AA,OKC,ORD,0,1
DFW-NYC,NK,DFW,NYC,0,0
SAN-NYC,DL,SAN,NYC,0,1
SAN-MIA,AA,SAN,MIA,0,1
DFW-RDU,WN,DFW,RDU,1,0
WAS-SFO,WN,WAS,SFO,0,0
SAN-HOU,UA,SAN,HOU,0,1
LAX-COS,UA,LAX,COS,0,1
HOU-IND,UA,HOU,IND,0,1
TPA-BOS,WN,TPA,BOS,0,0
DEN-BOS,B6,DEN,BOS,0,0
BOS-SAN,AA,BOS,SAN,2,1
NYC-LAS,DL,NYC,LAS,0,1
WAS-LAX,UA,WAS,LAX,0,1
JAX-MSP,DL,JAX,MSP,0,1
CLT-LAX,DL,CLT,LAX,2,1
SFO-MSP,UA,SFO,MSP,0,1
ATL-SDF,DL,ATL,SDF,0,1
RDU-DEN,WN,RDU,DEN,0,0
NYC-MEM,AA,NYC,MEM,0,1
BOS-PHF,AA,BOS,PHF,2,1
IND-LAX,DL,IND,LAX,0,1
NYC-JAX,UA,NYC,JAX,0,1
BOS-OMA,DL,BOS,OMA,2,1
LAX-PHL,AA,LAX,PHL,2,1
TUS-SFO,AA,TUS,SFO,2,1
MSY-PHX,WN,MSY,PHX,1,0
SAN-ORD,WN,SAN,ORD,0,0
MSP-DTW,DL,MSP,DTW,0,1
MIA-DTW,AA,MIA,DTW,0,1
DFW-SEA,AS,DFW,SEA,0,0
JAX-LAX,AA,JAX,LAX,2,1
MKE-LAX,DL,MKE,LAX,2,1
SDF-TPA,DL,SDF,TPA,2,1
MSP-DTW,NK,MSP,DTW,0,0
WAS-LAS,WN,WAS,LAS,1,0
LAX-SEA,AS,LAX,SEA,0,0
AUS-MSP,WN,AUS,MSP,2,0
MCI-JAX,WN,MCI,JAX,2,0
MEM-NYC,UA,MEM,NYC,0,1
ORD-CLT,AA,ORD,CLT,1,1
RDU-LAS,WN,RDU,LAS,0,0
SEA-AUS,DL,SEA,AUS,0,1
WAS-MEM,AA,WAS,MEM,0,1
MSY-NYC,DL,MSY,NYC,0,1
SAN-PHL,AA,SAN,PHL,1,1
PHX-WAS,AA,PHX,WAS,0,1
PHF-SEA,AA,PHF,SEA,2,1
LAS-DEN,WN,LAS,DEN,0,0
WAS-SAT,WN,WAS,SAT,1,0
SEA-PDX,AS,SEA,PDX,0,0
NYC-PHF,AA,NYC,PHF,0,1
SAT-DFW,WN,SAT,DFW,0,0
IND-SFO,AA,IND,SFO,2,1
WAS-SDF,WN,WAS,SDF,0,0
PHX-NYC,WN,PHX,NYC,0,0
BOS-TPA,B6,BOS,TPA,0,0
MKE-NYC,DL,MKE,NYC,0,1
SEA-MSP,AS,SEA,MSP,0,0
SMF-SAT,WN,SMF,SAT,2,0
MCI-SEA,DL,MCI,SEA,0,1
TUS-SFO,AS,TUS,SFO,0,0
MEM-WAS,DL,MEM,WAS,2,1
TUS-SFO,WN,TUS,SFO,2,0
SFO-SAT,UA,SFO,SAT,0,1
MCI-MIA,WN,MCI,MIA,2,0
HOU-DEN,NK,HOU,DEN,0,0
CMH-DFW,WN,CMH,DFW,1,0
SDF-NYC,AA,SDF,NYC,0,1
PHF-LAX,DL,PHF,LAX,2,1
LAS-ATL,WN,LAS,ATL,0,0
MIA-SAT,WN,MIA,SAT,1,0
LAX-NYC,AS,LAX,NYC,0,0
MIA-BOS,NK,MIA,BOS,0,0
MIA-RDU,AA,MIA,RDU,0,1
DTW-DEN,WN,DTW,DEN,0,0
SEA-DEN,WN,SEA,DEN,0,0
MEM-PHL,AA,MEM,PHL,0,1
DFW-TPA,WN,DFW,TPA,0,0
LAX-RDU,DL,LAX,RDU,0,1
HOU-SAN,WN,HOU,SAN,1,0
JAX-LAX,DL,JAX,LAX,2,1
JAX-MSP,DL,JAX,MSP,1,1
NYC-ELP,AA,NYC,ELP,2,1
MSY-BOS,NK,MSY,BOS,0,0
SEA-WAS,NK,SEA,WAS,0,0
PHL-SDF,AA,PHL,SDF,0,1
SEA-SMF,WN,SEA,SMF,0,0
LAS-SAN,NK,LAS,SAN,0,0
BOS-DFW,AA,BOS,DFW,2,1
CMH-BOS,DL,CMH,BOS,0,1
LAX-FAT,AA,LAX,FAT,0,1
BNA-PHL,AA,BNA,PHL,0,1
JAX-SAN,AA,JAX,SAN,2,1
SFO-LAS,DL,SFO,LAS,0,1
DTW-LAX,DL,DTW,LAX,1,1
LAX-JAX,AA,LAX,JAX,2,1
ABQ-BOS,WN,ABQ,BOS,2,0
CMH-SEA,WN,CMH,SEA,2,0
TUS-SFO,WN,TUS,SFO,0,0
HOU-OMA,UA,HOU,OMA,0,1
IND-HOU,WN,IND,HOU,0,0
LAX-SAT,UA,LAX,SAT,0,1
LAX-DTW,WN,LAX,DTW,2,0
HOU-SFO,UA,HOU,SFO,0,1
CMH-HOU,WN,CMH,HOU,0,0
NYC-MCI,WN,NYC,MCI,0,0
ORD-MSY,AA,ORD,MSY,0,1
SFO-HOU,NK,SFO,HOU,0,0
MSY-PDX,WN,MSY,PDX,2,0
ATL-PHX,WN,ATL,PHX,1,0
IND-HOU,UA,IND,HOU,0,1
NYC-MIA,B6,NYC,MIA,0,0
NYC-MEM,DL,NYC,MEM,0,1
LAX-DTW,AA,LAX,DTW,2,1
PDX-AUS,WN,PDX,AUS,2,0
CLT-ORD,AA,CLT,ORD,1,1
LAX-DTW,DL,LAX,DTW,0,1
HOU-DFW,WN,HOU,DFW,0,0
PHF-LAX,AA,PHF,LAX,2,1
BNA-PHX,WN,BNA,PHX,0,0
OKC-DFW,AA,OKC,DFW,0,1
MSP-ATL,DL,MSP,ATL,0,1
SEA-CMH,AS,SEA,CMH,0,0
PDX-FAT,AS,PDX,FAT,0,0
WAS-MCI,AA,WAS,MCI,0,1
WAS-SMF,UA,WAS,SMF,0,1
IND-SAN,WN,IND,SAN,1,0
SEA-WAS,AS,SEA,WAS,0,0
MSP-DFW,DL,MSP,DFW,0,1
CMH-LAS,NK,CMH,LAS,0,0
PHX-LAX,WN,PHX,LAX,0,0
DEN-DTW,WN,DEN,DTW,0,0
MSY-HOU,UA,MSY,HOU,0,1
HOU-LAX,WN,HOU,LAX,0,0
MSP-AUS,DL,MSP,AUS,0,1
ATL-HOU,UA,ATL,HOU,0,1
WAS-SFO,DL,WAS,SFO,2,1
MCI-LAX,DL,MCI,LAX,0,1
WAS-DTW,DL,WAS,DTW,0,1
MIA-LAX,AS,MIA,LAX,0,0
MSP-PDX,DL,MSP,PDX,0,1
DTW-ATL,DL,DTW,ATL,1,1
CLT-PDX,AA,CLT,PDX,0,1
MEM-HOU,WN,MEM,HOU,0,0
NYC-MSY,B6,NYC,MSY,0,0
OKC-WAS,AA,OKC,WAS,0,1
DEN-WAS,WN,DEN,WAS,0,0
TPA-MKE,WN,TPA,MKE,0,0
DFW-SFO,AS,DFW,SFO,0,0
DFW-PHF,AA,DFW,PHF,0,1
MEM-NYC,DL,MEM,NYC,2,1
SAT-NYC,AA,SAT,NYC,2,1
NYC-DEN,B6,NYC,DEN,0,0
NYC-CMH,AA,NYC,CMH,0,1
PHX-TPA,WN,PHX,TPA,0,0
IND-PDX,WN,IND,PDX,2,0
ELP-DEN,WN,ELP,DEN,0,0
ATL-SEA,AS,ATL,SEA,0,0
FAT-PDX,AS,FAT,PDX,0,0
BOS-WAS,UA,BOS,WAS,0,1
RDU-SFO,DL,RDU,SFO,2,1
HOU-TPA,UA,HOU,TPA,0,1
LAX-CMH,DL,LAX,CMH,0,1
DEN-DFW,AA,DEN,DFW,0,1
MEM-ORD,WN,MEM,ORD,0,0
LAX-CLT,AA,LAX,CLT,2,1
WAS-DTW,AA,WAS,DTW,0,1
CMH-SEA,AS,CMH,SEA,0,0
CMH-WAS,UA,CMH,WAS,0,1
ORD-SAT,AA,ORD,SAT,0,1
PHF-BOS,AA,PHF,BOS,2,1
MKE-TPA,WN,MKE,TPA,0,0
TPA-WAS,WN,TPA,WAS,0,0
TUS-LAX,WN,TUS,LAX,0,0
DFW-ATL,DL,DFW,ATL,0,1
JAX-WAS,DL,JAX,WAS,2,1
BOS-JAX,DL,BOS,JAX,0,1
SAN-BOS,UA,SAN,BOS,2,1
SAN-MKE,WN,SAN,MKE,2,0
TUS-ATL,DL,TUS,ATL,0,1
PDX-PHX,AS,PDX,PHX,0,0
BOS-PHL,AA,BOS,PHL,0,1
SAN-SEA,WN,SAN,SEA,0,0
AUS-HOU,WN,AUS,HOU,0,0
LAX-HOU,WN,LAX,HOU,1,0
PDX-ORD,UA,PDX,ORD,0,1
SFO-OMA,UA,SFO,OMA,0,1
LAX-SAT,AA,LAX,SAT,0,1
CMH-ATL,DL,CMH,ATL,0,1
LAS-MKE,WN,LAS,MKE,0,0
TPA-DFW,NK,TPA,DFW,0,0
MSP-WAS,AA,MSP,WAS,0,1
DEN-OKC,UA,DEN,OKC,0,1
ABQ-PDX,WN,ABQ,PDX,2,0
SDF-SAN,WN,SDF,SAN,2,0
SMF-NYC,UA,SMF,NYC,2,1
SEA-LAS,NK,SEA,LAS,0,0
IND-MIA,DL,IND,MIA,2,1
JAX-ATL,WN,JAX,ATL,0,0
PHX-ELP,WN,PHX,ELP,0,0
ATL-CMH,DL,ATL,CMH,0,1
ATL-LAS,WN,ATL,LAS,0,0
SFO-TPA,UA,SFO,TPA,0,1
ATL-SFO,DL,ATL,SFO,0,1
SFO-DEN,WN,SFO,DEN,0,0
SMF-BOS,B6,SMF,BOS,0,0
SAN-SEA,DL,SAN,SEA,0,1
PHX-OKC,AA,PHX,OKC,0,1
PHL-SAN,AA,PHL,SAN,0,1
MIA-WAS,AA,MIA,WAS,0,1
ORD-MSP,WN,ORD,MSP,0,0
LAX-ORD,AA,LAX,ORD,0,1
IND-SFO,WN,IND,SFO,0,0
RDU-DFW,WN,RDU,DFW,1,0
SFO-ATL,DL,SFO,ATL,0,1
OKC-MSP,DL,OKC,MSP,0,1
IND-PHX,WN,IND,PHX,0,0
MSY-DFW,NK,MSY,DFW,0,0
DEN-MCI,UA,DEN,MCI,0,1
MSY-SEA,UA,MSY,SEA,2,1
HOU-SFO,AA,HOU,SFO,2,1
RDU-MEM,DL,RDU,MEM,2,1
SMF-ABQ,WN,SMF,ABQ,2,0
DTW-PHL,DL,DTW,PHL,0,1
JAX-SAN,DL,JAX,SAN,2,1
MCI-RDU,WN,MCI,RDU,0,0
DFW-PHL,AA,DFW,PHL,1,1
OKC-LAX,AA,OKC,LAX,2,1
JAX-ORD,UA,JAX,ORD,0,1
MCI-SFO,DL,MCI,SFO,2,1
SFO-WAS,UA,SFO,WAS,1,1
HOU-LAS,NK,HOU,LAS,0,0
OKC-PHX,AA,OKC,PHX,0,1
ORD-SEA,DL,ORD,SEA,0,1
CMH-MSY,DL,CMH,MSY,2,1
BNA-CMH,WN,BNA,CMH,0,0
SFO-DFW,AA,SFO,DFW,0,1
HOU-JAX,WN,HOU,JAX,0,0
AUS-TUL,WN,AUS,TUL,2,0
SFO-MCI,UA,SFO,MCI,0,1
WAS-TPA,UA,WAS,TPA,0,1
ELP-DFW,AA,ELP,DFW,0,1
ORD-MCI,AA,ORD,MCI,0,1
OKC-BNA,WN,OKC,BNA,2,0
OMA-DEN,WN,OMA,DEN,0,0
WAS-AUS,WN,WAS,AUS,1,0
RDU-MIA,B6,RDU,MIA,0,0
SAT-SFO,AA,SAT,SFO,2,1
ORD-RDU,AA,ORD,RDU,0,1
TPA-MIA,AA,TPA,MIA,0,1
WAS-IND,UA,WAS,IND,0,1
CMH-MSP,DL,CMH,MSP,0,1
CMH-DEN,WN,CMH,DEN,1,0
ABQ-SFO,WN,ABQ,SFO,1,0
LAX-SEA,WN,LAX,SEA,2,0
ATL-JAX,DL,ATL,JAX,0,1
SAN-DFW,NK,SAN,DFW,0,0
PHX-HOU,UA,PHX,HOU,0,1
PHF-MSY,AA,PHF,MSY,2,1
HOU-CMH,WN,HOU,CMH,0,0
BOS-IND,DL,BOS,IND,0,1
DTW-DFW,WN,DTW,DFW,0,0
DFW-BOS,AA,DFW,BOS,2,1
DTW-WAS,WN,DTW,WAS,0,0
SAT-NYC,AA,SAT,NYC,0,1
SAN-MSY,WN,SAN,MSY,0,0
TPA-BOS,DL,TPA,BOS,0,1
ATL-DTW,NK,ATL,DTW,0,0
OKC-PHL,AA,OKC,PHL,0,1
JAX-LAS,DL,JAX,LAS,2,1
ABQ-WAS,AA,ABQ,WAS,2,1
ORD-BNA,WN,ORD,BNA,0,0
DFW-BNA,AA,DFW,BNA,0,1
CMH-BOS,WN,CMH,BOS,1,0
ATL-LAX,WN,ATL,LAX,0,0
PHX-SAT,WN,PHX,SAT,0,0
OMA-WAS,WN,OMA,WAS,0,0
CMH-MSY,NK,CMH,MSY,0,0
WAS-SAN,WN,WAS,SAN,0,0
AUS-DEN,UA,AUS,DEN,0,1
TPA-SEA,UA,TPA,SEA,2,1
MIA-NYC,NK,MIA,NYC,0,0
PHL-BNA,WN,PHL,BNA,0,0
MSP-PHX,DL,MSP,PHX,0,1
PDX-LAX,WN,PDX,LAX,0,0
BNA-SAN,WN,BNA,SAN,1,0
LAS-MIA,WN,LAS,MIA,0,0
HOU-LAS,UA,HOU,LAS,0,1
MSY-LAX,WN,MSY,LAX,2,0
BOS-MEM,AA,BOS,MEM,2,1
ORD-LAX,AA,ORD,LAX,0,1
WAS-RDU,WN,WAS,RDU,0,0
MCI-SFO,WN,MCI,SFO,0,0
HOU-LAX,NK,HOU,LAX,0,0
IND-AUS,WN,IND,AUS,1,0
BNA-LAX,AA,BNA,LAX,0,1
DEN-ORD,WN,DEN,ORD,0,0
HOU-MSP,DL,HOU,MSP,0,1
PHL-DTW,NK,PHL,DTW,0,0
CLT-MIA,AA,CLT,MIA,0,1
MIA-JAX,B6,MIA,JAX,0,0
ABQ-DFW,WN,ABQ,DFW,0,0
MSY-TPA,WN,MSY,TPA,0,0
MIA-DTW,DL,MIA,DTW,0,1
MSP-PHL,AA,MSP,PHL,0,1
IND-SFO,WN,IND,SFO,1,0
DEN-TUL,WN,DEN,TUL,0,0
MIA-PHL,NK,MIA,PHL,0,0
NYC-OMA,UA,NYC,OMA,0,1
DFW-ATL,AA,DFW,ATL,0,1
WAS-CLT,UA,WAS,CLT,0,1
OKC-LAX,AA,OKC,LAX,0,1
SFO-ORD,WN,SFO,ORD,0,0
WAS-SMF,AA,WAS,SMF,2,1
LAX-IND,WN,LAX,IND,2,0
JAX-SFO,AA,JAX,SFO,2,1
SDF-ORD,UA,SDF,ORD,0,1
DEN-BNA,UA,DEN,BNA,0,1
PHL-TPA,WN,PHL,TPA,0,0
SFO-SEA,DL,SFO,SEA,0,1
OMA-LAS,WN,OMA,LAS,1,0
ORD-MCI,WN,ORD,MCI,0,0
MKE-WAS,WN,MKE,WAS,1,0
NYC-TUS,UA,NYC,TUS,2,1
DEN-MSY,UA,DEN,MSY,0,1
SAN-PHF,DL,SAN,PHF,2,1
BOS-SEA,B6,BOS,SEA,0,0
RDU-AUS,WN,RDU,AUS,2,0
HOU-SDF,WN,HOU,SDF,0,0
CMH-PHL,AA,CMH,PHL,0,1
BNA-BOS,WN,BNA,BOS,2,0
PHF-WAS,AA,PHF,WAS,0,1
MCI-AUS,WN,MCI,AUS,1,0
AUS-MCI,WN,AUS,MCI,1,0
WAS-TUS,UA,WAS,TUS,2,1
DTW-NYC,AA,DTW,NYC,0,1
PHL-DEN,UA,PHL,DEN,0,1
TUS-MIA,AA,TUS,MIA,2,1
TPA-SFO,AA,TPA,SFO,2,1
PHX-MEM,AA,PHX,MEM,0,1
SMF-BOS,AA,SMF,BOS,2,1
DFW-MKE,WN,DFW,MKE,0,0
WAS-MCI,WN,WAS,MCI,1,0
CLT-MSP,DL,CLT,MSP,0,1
PHL-PHX,AA,PHL,PHX,0,1
SDF-BOS,DL,SDF,BOS,2,1
ELP-ATL,DL,ELP,ATL,0,1
WAS-BOS,UA,WAS,BOS,0,1
CLT-PHF,AA,CLT,PHF,0,1
MKE-HOU,UA,MKE,HOU,0,1
SFO-CMH,WN,SFO,CMH,2,0
MCI-MKE,WN,MCI,MKE,0,0
LAS-LAX,AS,LAS,LAX,0,0
IND-WAS,UA,IND,WAS,0,1
SEA-OKC,AS,SEA,OKC,0,0
ELP-SEA,WN,ELP,SEA,2,0
TUS-DEN,UA,TUS,DEN,0,1
SDF-PHL,AA,SDF,PHL,0,1
PHF-HOU,UA,PHF,HOU,0,1
LAX-BNA,WN,LAX,BNA,1,0
SFO-ATL,UA,SFO,ATL,0,1
SFO-WAS,WN,SFO,WAS,0,0
HOU-SAN,UA,HOU,SAN,0,1
DFW-SFO,AA,DFW,SFO,0,1
DEN-RDU,UA,DEN,RDU,0,1
TPA-LAX,DL,TPA,LAX,0,1
TPA-ATL,WN,TPA,ATL,0,0
PHX-OMA,WN,PHX,OMA,0,0
JAX-NYC,UA,JAX,NYC,0,1
CMH-DEN,UA,CMH,DEN,0,1
DEN-TUS,WN,DEN,TUS,0,0
MIA-DEN,WN,MIA,DEN,1,0
MCI-HOU,UA,MCI,HOU,0,1
NYC-AUS,DL,NYC,AUS,0,1
AUS-SEA,DL,AUS,SEA,1,1
PHX-BOS,AA,PHX,BOS,2,1
HOU-PHX,WN,HOU,PHX,0,0
PHX-ATL,WN,PHX,ATL,0,0
LAX-MIA,AS,LAX,MIA,0,0
ORD-JAX,AA,ORD,JAX,0,1
TUL-LAX,WN,TUL,LAX,2,0
WAS-SAN,AS,WAS,SAN,0,0
MCI-BNA,WN,MCI,BNA,0,0
MSP-MIA,DL,MSP,MIA,0,1
ELP-PHX,WN,ELP,PHX,0,0
MSY-NYC,B6,MSY,NYC,0,0
DTW-SDF,DL,DTW,SDF,0,1
ORD-ABQ,UA,ORD,ABQ,0,1
DFW-AUS,WN,DFW,AUS,0,0
MEM-SAN,AA,MEM,SAN,2,1
LAX-DEN,UA,LAX,DEN,0,1
LAX-MIA,UA,LAX,MIA,2,1
PHX-PHL,AA,PHX,PHL,0,1
SAT-LAS,WN,SAT,LAS,1,0
MEM-SFO,AA,MEM,SFO,2,1
SAN-WAS,DL,SAN,WAS,2,1
PHL-DEN,AA,PHL,DEN,0,1
PHF-JAX,AA,PHF,JAX,2,1
PHL-ATL,WN,PHL,ATL,0,0
OMA-HOU,UA,OMA,HOU,0,1
CMH-AUS,WN,CMH,AUS,2,0
BOS-SFO,DL,BOS,SFO,0,1
SAN-BOS,B6,SAN,BOS,0,0
ATL-HOU,NK,ATL,HOU,0,0
MIA-BOS,AA,MIA,BOS,0,1
SFO-LAX,UA,SFO,LAX,0,1
LAX-ABQ,AA,LAX,ABQ,0,1
PHF-LAS,UA,PHF,LAS,2,1
DTW-MSY,NK,DTW,MSY,0,0
SMF-DFW,WN,SMF,DFW,2,0
SAN-WAS,WN,SAN,WAS,1,0
BOS-HOU,UA,BOS,HOU,0,1
NYC-WAS,DL,NYC,WAS,0,1
PHF-ORD,UA,PHF,ORD,0,1
ATL-LAX,DL,ATL,LAX,0,1
WAS-DFW,UA,WAS,DFW,0,1
BOS-DFW,AA,BOS,DFW,0,1
PDX-NYC,UA,PDX,NYC,0,1
TPA-AUS,WN,TPA,AUS,0,0
PDX-HOU,WN,PDX,HOU,2,0
IND-DFW,AA,IND,DFW,0,1
CMH-NYC,AA,CMH,NYC,0,1
AUS-ORD,WN,AUS,ORD,0,0
CLT-WAS,WN,CLT,WAS,0,0
CLT-CMH,AA,CLT,CMH,0,1
BOS-AUS,DL,BOS,AUS,2,1
ORD-DEN,NK,ORD,DEN,0,0
MCI-MSY,WN,MCI,MSY,1,0
SEA-BOS,AS,SEA,BOS,0,0
DTW-MKE,DL,DTW,MKE,0,1
TUS-WAS,WN,TUS,WAS,2,0
PHX-ELP,AA,PHX,ELP,0,1
PHX-MIA,WN,PHX,MIA,1,0
SAN-PDX,WN,SAN,PDX,0,0
MSP-MSY,NK,MSP,MSY,0,0
SMF-MSY,WN,SMF,MSY,2,0
AUS-WAS,AA,AUS,WAS,2,1
WAS-SEA,DL,WAS,SEA,2,1
TPA-MSP,DL,TPA,MSP,0,1
SDF-LAX,AA,SDF,LAX,0,1
WAS-PDX,UA,WAS,PDX,2,1
LAX-IND,DL,LAX,IND,0,1
DEN-MIA,NK,DEN,MIA,0,0
MIA-MSP,DL,MIA,MSP,0,1
NYC-MKE,UA,NYC,MKE,0,1
SAN-CLT,AA,SAN,CLT,0,1
SAN-JAX,AA,SAN,JAX,2,1
SEA-WAS,DL,SEA,WAS,2,1
ELP-LAX,WN,ELP,LAX,1,0
HOU-DTW,UA,HOU,DTW,0,1
HOU-SFO,WN,HOU,SFO,1,0
BOS-BNA,DL,BOS,BNA,0,1
RDU-CMH,DL,RDU,CMH,0,1
DFW-NYC,UA,DFW,NYC,0,1
DEN-ORD,UA,DEN,ORD,0,1
WAS-HOU,WN,WAS,HOU,0,0
HOU-SMF,WN,HOU,SMF,1,0
SFO-SAT,WN,SFO,SAT,2,0
SFO-MSY,UA,SFO,MSY,2,1
SMF-DEN,WN,SMF,DEN,0,0
BOS-HOU,AA,BOS,HOU,2,1
MCI-SMF,WN,MCI,SMF,2,0
SEA-TUS,AS,SEA,TUS,0,0
SEA-ORD,NK,SEA,ORD,0,0
PHX-ABQ,WN,PHX,ABQ,0,0
LAX-CMH,AA,LAX,CMH,0,1
HOU-ABQ,WN,HOU,ABQ,0,0
MKE-MSP,DL,MKE,MSP,0,1
ATL-PHL,DL,ATL,PHL,0,1
WAS-SAT,AA,WAS,SAT,2,1
CLT-SFO,DL,CLT,SFO,2,1
SEA-AUS,DL,SEA,AUS,1,1
SEA-MKE,AS,SEA,MKE,0,0
MSP-ATL,WN,MSP,ATL,0,0
MSP-CLT,AA,MSP,CLT,0,1
AUS-CLT,AA,AUS,CLT,0,1
WAS-DFW,NK,WAS,DFW,0,0
IND-AUS,WN,IND,AUS,2,0
LAX-MSP,DL,LAX,MSP,0,1
JAX-PHF,AA,JAX,PHF,2,1
TUS-ORD,AA,TUS,ORD,0,1
SEA-NYC,UA,SEA,NYC,0,1
RDU-DEN,WN,RDU,DEN,1,0
ORD-BNA,AA,ORD,BNA,0,1
TPA-DFW,DL,TPA,DFW,2,1
DFW-DTW,WN,DFW,DTW,1,0
BOS-MEM,DL,BOS,MEM,2,1
LAX-LAS,UA,LAX,LAS,0,1
CMH-NYC,UA,CMH,NYC,0,1
DEN-TPA,WN,DEN,TPA,0,0
TUS-ORD,WN,TUS,ORD,0,0
CLT-LAS,DL,CLT,LAS,2,1
SMF-NYC,UA,SMF,NYC,0,1
PHL-SEA,AS,PHL,SEA,0,0
SFO-BNA,WN,SFO,BNA,0,0
NYC-WAS,AA,NYC,WAS,0,1
PHF-CLT,AA,PHF,CLT,0,1
MEM-WAS,AA,MEM,WAS,0,1
TUL-MIA,AA,TUL,MIA,2,1
NYC-SFO,UA,NYC,SFO,0,1
ORD-AUS,WN,ORD,AUS,1,0
HOU-BOS,WN,HOU,BOS,1,0
TPA-AUS,WN,TPA,AUS,1,0
TUL-SAN,WN,TUL,SAN,2,0
CLT-MCI,AA,CLT,MCI,0,1
SMF-SEA,DL,SMF,SEA,0,1
DTW-CLT,DL,DTW,CLT,0,1
DFW-SMF,AA,DFW,SMF,0,1
LAX-PHL,NK,LAX,PHL,0,0
BOS-MSY,DL,BOS,MSY,2,1
LAX-SMF,DL,LAX,SMF,0,1
AUS-MIA,NK,AUS,MIA,0,0
SAN-SFO,UA,SAN,SFO,0,1
DFW-IND,AA,DFW,IND,0,1
BNA-TPA,WN,BNA,TPA,0,0
SMF-MKE,WN,SMF,MKE,2,0
MCI-NYC,UA,MCI,NYC,0,1
SMF-TUS,WN,SMF,TUS,2,0
BOS-MIA,NK,BOS,MIA,0,0
WAS-BOS,AA,WAS,BOS,0,1
PHF-DFW,AA,PHF,DFW,0,1
DFW-WAS,AA,DFW,WAS,0,1
TPA-SEA,AS,TPA,SEA,0,0
BNA-LAS,WN,BNA,LAS,0,0
PDX-LAX,B6,PDX,LAX,0,0
DEN-OMA,WN,DEN,OMA,0,0
ORD-AUS,WN,ORD,AUS,0,0
DTW-MEM,DL,DTW,MEM,0,1
RDU-SAT,WN,RDU,SAT,2,0
MEM-NYC,DL,MEM,NYC,0,1
DFW-WAS,WN,DFW,WAS,0,0
HOU-PHX,WN,HOU,PHX,1,0
ORD-MIA,UA,ORD,MIA,0,1
DFW-COS,AA,DFW,COS,0,1
LAX-BOS,AA,LAX,BOS,2,1
PHF-BNA,AA,PHF,BNA,2,1
DTW-NYC,UA,DTW,NYC,0,1
OMA-BNA,WN,OMA,BNA,2,0
DFW-NYC,DL,DFW,NYC,0,1
WAS-LAS,UA,WAS,LAS,0,1
ORD-LAS,NK,ORD,LAS,0,0
MSY-HOU,NK,MSY,HOU,0,0
NYC-DTW,UA,NYC,DTW,0,1
ATL-BOS,DL,ATL,BOS,0,1
PDX-LAS,NK,PDX,LAS,0,0
LAS-PHX,WN,LAS,PHX,0,0
OMA-MIA,WN,OMA,MIA,2,0
PHL-CLT,AA,PHL,CLT,1,1
SEA-PHX,AA,SEA,PHX,0,1
SFO-DFW,AS,SFO,DFW,0,0
SEA-ORD,DL,SEA,ORD,0,1
DEN-TPA,WN,DEN,TPA,1,0
SAN-ATL,DL,SAN,ATL,0,1
HOU-OKC,WN,HOU,OKC,0,0
CLT-DFW,AA,CLT,DFW,0,1
DFW-MIA,NK,DFW,MIA,0,0
LAX-MSY,WN,LAX,MSY,0,0
RDU-MSP,DL,RDU,MSP,0,1
JAX-CLT,AA,JAX,CLT,0,1
ELP-NYC,AA,ELP,NYC,2,1
PHF-PHL,AA,PHF,PHL,0,1
WAS-SAN,AA,WAS,SAN,2,1
DTW-ORD,UA,DTW,ORD,0,1
IND-WAS,AA,IND,WAS,0,1
DEN-CMH,WN,DEN,CMH,0,0
SFO-PHL,AA,SFO,PHL,0,1
LAS-SFO,UA,LAS,SFO,0,1
MEM-LAS,AA,MEM,LAS,2,1
OKC-LAS,WN,OKC,LAS,1,0
RDU-LAX,AA,RDU,LAX,2,1
MSP-PHX,WN,MSP,PHX,0,0
ORD-ATL,UA,ORD,ATL,0,1
OKC-HOU,WN,OKC,HOU,0,0
NYC-SMF,UA,NYC,SMF,0,1
ATL-ORD,AA,ATL,ORD,0,1
MSP-LAS,NK,MSP,LAS,0,0
MIA-ATL,NK,MIA,ATL,0,0
CLT-ATL,DL,CLT,ATL,0,1
LAS-DFW,NK,LAS,DFW,0,0
DFW-DEN,NK,DFW,DEN,0,0
HOU-DTW,DL,HOU,DTW,0,1
RDU-DFW,DL,RDU,DFW,2,1
DEN-ORD,NK,DEN,ORD,0,0
HOU-MIA,AA,HOU,MIA,0,1
MCI-BOS,WN,MCI,BOS,0,0
CMH-WAS,AA,CMH,WAS,0,1
MKE-NYC,WN,MKE,NYC,0,0
PDX-SMF,AS,PDX,SMF,0,0
ORD-CMH,UA,ORD,CMH,0,1
HOU-DFW,AA,HOU,DFW,0,1
PHX-MSY,WN,PHX,MSY,1,0
MIA-SEA,AA,MIA,SEA,2,1
AUS-SFO,UA,AUS,SFO,0,1
WAS-LAX,WN,WAS,LAX,1,0
OKC-SAN,WN,OKC,SAN,2,0
LAX-MEM,DL,LAX,MEM,0,1
MKE-PHX,AA,MKE,PHX,0,1
SAN-AUS,AS,SAN,AUS,0,0
PDX-WAS,DL,PDX,WAS,2,1
TPA-NYC,DL,TPA,NYC,0,1
SEA-DFW,NK,SEA,DFW,0,0
NYC-SAT,DL,NYC,SAT,0,1
JAX-WAS,NK,JAX,WAS,0,0
BOS-JAX,AA,BOS,JAX,2,1
SEA-WAS,DL,SEA,WAS,0,1
HOU-ORD,NK,HOU,ORD,0,0
MSP-JAX,DL,MSP,JAX,1,1
SFO-HOU,WN,SFO,HOU,0,0
ABQ-PHX,AA,ABQ,PHX,0,1
SFO-OKC,UA,SFO,OKC,0,1
BOS-DEN,UA,BOS,DEN,0,1
MIA-LAS,DL,MIA,LAS,2,1
WAS-JAX,NK,WAS,JAX,0,0
PHL-SFO,AA,PHL,SFO,0,1
WAS-SAT,WN,WAS,SAT,2,0
PHL-MEM,AA,PHL,MEM,0,1
WAS-MCI,WN,WAS,MCI,0,0
DEN-ATL,UA,DEN,ATL,0,1
PDX-DEN,AS,PDX,DEN,2,0
NYC-ABQ,UA,NYC,ABQ,2,1
BOS-CMH,WN,BOS,CMH,0,0
SEA-BOS,DL,SEA,BOS,0,1
DEN-SAN,WN,DEN,SAN,0,0
NYC-AUS,AA,NYC,AUS,0,1
DTW-SFO,DL,DTW,SFO,0,1
ABQ-DEN,UA,ABQ,DEN,0,1
MIA-SEA,DL,MIA,SEA,2,1
PHX-PDX,AS,PHX,PDX,0,0
SFO-MSY,AS,SFO,MSY,0,0
PDX-MKE,DL,PDX,MKE,2,1
SEA-HOU,NK,SEA,HOU,0,0
DFW-MSY,WN,DFW,MSY,0,0
ORD-AUS,AA,ORD,AUS,0,1
ORD-SFO,UA,ORD,SFO,0,1
LAX-AUS,AA,LAX,AUS,0,1
WAS-MSP,UA,WAS,MSP,0,1
WAS-ORD,AA,WAS,ORD,0,1
ABQ-PDX,AS,ABQ,PDX,0,0
SEA-BNA,DL,SEA,BNA,0,1
NYC-SMF,B6,NYC,SMF,0,0
WAS-SFO,AA,WAS,SFO,2,1
CLT-BNA,AA,CLT,BNA,0,1
MSP-PDX,DL,MSP,PDX,1,1
MKE-WAS,WN,MKE,WAS,0,0
PHL-PDX,AS,PHL,PDX,0,0
ABQ-AUS,WN,ABQ,AUS,2,0
LAX-WAS,AS,LAX,WAS,0,0
DEN-BNA,WN,DEN,BNA,1,0
LAX-LAS,AA,LAX,LAS,0,1
LAX-DTW,UA,LAX,DTW,2,1
MIA-WAS,B6,MIA,WAS,0,0
SDF-HOU,UA,SDF,HOU,0,1
HOU-CLT,UA,HOU,CLT,0,1
NYC-CMH,UA,NYC,CMH,0,1
SFO-BNA,UA,SFO,BNA,0,1
LAX-WAS,AA,LAX,WAS,2,1
RDU-PDX,DL,RDU,PDX,2,1
MIA-SAN,B6,MIA,SAN,0,0
MEM-LAX,DL,MEM,LAX,1,1
SEA-PDX,DL,SEA,PDX,0,1
OKC-SAN,AA,OKC,SAN,2,1
IND-SFO,DL,IND,SFO,2,1
AUS-ORD,NK,AUS,ORD,0,0
AUS-WAS,UA,AUS,WAS,0,1
PDX-HOU,UA,PDX,HOU,0,1
WAS-DTW,UA,WAS,DTW,0,1
LAS-ABQ,WN,LAS,ABQ,0,0
HOU-CLT,WN,HOU,CLT,0,0
LAX-OKC,WN,LAX,OKC,2,0
SMF-MCI,WN,SMF,MCI,2,0
DFW-SDF,AA,DFW,SDF,0,1
DTW-LAX,NK,DTW,LAX,0,0
JAX-DFW,AA,JAX,DFW,0,1
MSP-SEA,AS,MSP,SEA,0,0
PHX-MIA,AA,PHX,MIA,2,1
MCI-SFO,WN,MCI,SFO,1,0
LAS-ORD,AA,LAS,ORD,0,1
MSP-BNA,WN,MSP,BNA,0,0
DTW-SAT,DL,DTW,SAT,0,1
OMA-NYC,DL,OMA,NYC,0,1
ATL-PHL,AA,ATL,PHL,0,1
NYC-TPA,UA,NYC,TPA,0,1
MKE-SFO,WN,MKE,SFO,0,0
ORD-CLT,UA,ORD,CLT,0,1
NYC-PDX,UA,NYC,PDX,0,1
TPA-SEA,DL,TPA,SEA,2,1
HOU-SAN,AA,HOU,SAN,2,1
PHL-SAT,AA,PHL,SAT,0,1
IND-SAN,WN,IND,SAN,0,0
MSP-SMF,DL,MSP,SMF,0,1
MKE-SEA,AS,MKE,SEA,0,0
DEN-RDU,WN,DEN,RDU,0,0
HOU-MSP,UA,HOU,MSP,0,1
MSP-MIA,AA,MSP,MIA,0,1
SFO-IND,WN,SFO,IND,2,0
PDX-PHL,DL,PDX,PHL,2,1
CLT-SFO,AA,CLT,SFO,2,1
ORD-MSP,DL,ORD,MSP,0,1
ORD-MSY,UA,ORD,MSY,0,1
SMF-MSP,DL,SMF,MSP,0,1
PHX-MKE,AA,PHX,MKE,0,1
RDU-MSY,NK,RDU,MSY,0,0
MSP-BNA,WN,MSP,BNA,1,0
MSP-HOU,NK,MSP,HOU,0,0
TUS-HOU,UA,TUS,HOU,0,1
MKE-LAX,WN,MKE,LAX,0,0
SAN-MSY,WN,SAN,MSY,1,0
HOU-CLT,AA,HOU,CLT,0,1
SFO-PHX,AA,SFO,PHX,0,1
JAX-ORD,AA,JAX,ORD,0,1
SEA-MIA,AA,SEA,MIA,0,1
LAX-SFO,UA,LAX,SFO,0,1
ORD-MIA,AA,ORD,MIA,0,1
TPA-SAN,DL,TPA,SAN,2,1
MKE-HOU,WN,MKE,HOU,1,0
WAS-SFO,UA,WAS,SFO,0,1
ORD-OKC,WN,ORD,OKC,0,0
OMA-PHX,WN,OMA,PHX,1,0
LAS-BNA,WN,LAS,BNA,0,0
BOS-DEN,B6,BOS,DEN,0,0
PHX-TPA,WN,PHX,TPA,1,0
ELP-LAX,AA,ELP,LAX,0,1
LAX-CLT,DL,LAX,CLT,2,1
TPA-SAN,AA,TPA,SAN,2,1
MIA-WAS,UA,MIA,WAS,0,1
BNA-DEN,WN,BNA,DEN,0,0
AUS-BOS,AA,AUS,BOS,2,1
BNA-SFO,WN,BNA,SFO,1,0
DTW-DEN,UA,DTW,DEN,0,1
SMF-SEA,WN,SMF,SEA,0,0
AUS-ATL,WN,AUS,ATL,1,0
LAX-IND,WN,LAX,IND,1,0
WAS-DFW,WN,WAS,DFW,0,0
PHF-LAX,UA,PHF,LAX,2,1
MSP-HOU,UA,MSP,HOU,0,1
BOS-BNA,WN,BOS,BNA,1,0
SMF-AUS,WN,SMF,AUS,1,0
NYC-SAN,B6,NYC,SAN,0,0
TPA-MSP,DL,TPA,MSP,1,1
CMH-SFO,DL,CMH,SFO,2,1
NYC-MSP,DL,NYC,MSP,0,1
HOU-WAS,UA,HOU,WAS,0,1
TPA-WAS,AA,TPA,WAS,0,1
LAS-SEA,DL,LAS,SEA,0,1
WAS-HOU,NK,WAS,HOU,0,0
AUS-LAS,WN,AUS,LAS,0,0
BNA-CLT,WN,BNA,CLT,0,0
BNA-BOS,WN,BNA,BOS,1,0
DTW-WAS,DL,DTW,WAS,0,1
TPA-ORD,WN,TPA,ORD,1,0
AUS-DEN,NK,AUS,DEN,0,0
ORD-TPA,NK,ORD,TPA,0,0
TPA-NYC,WN,TPA,NYC,0,0
JAX-ATL,DL,JAX,ATL,0,1
LAX-BOS,DL,LAX,BOS,0,1
HOU-CMH,UA,HOU,CMH,0,1
ORD-SAT,UA,ORD,SAT,0,1
OMA-DEN,UA,OMA,DEN,0,1
NYC-WAS,UA,NYC,WAS,0,1
NYC-MSY,UA,NYC,MSY,0,1
MSP-SAT,DL,MSP,SAT,0,1
RDU-LAS,AA,RDU,LAS,2,1
TPA-DTW,NK,TPA,DTW,0,0
SFO-LAS,NK,SFO,LAS,0,0
DFW-SEA,NK,DFW,SEA,0,0
TPA-ORD,DL,TPA,ORD,2,1
RDU-LAS,WN,RDU,LAS,1,0
NYC-WAS,WN,NYC,WAS,0,0
FAT-WAS,AA,FAT,WAS,2,1
BNA-ABQ,WN,BNA,ABQ,2,0
OMA-PHX,AA,OMA,PHX,0,1
BNA-LAX,DL,BNA,LAX,0,1
LAX-ORD,NK,LAX,ORD,0,0
DTW-MCI,DL,DTW,MCI,0,1
LAX-AUS,B6,LAX,AUS,0,0
MSP-SAN,DL,MSP,SAN,1,1
OMA-ORD,WN,OMA,ORD,0,0
CMH-RDU,DL,CMH,RDU,0,1
PDX-NYC,B6,PDX,NYC,0,0
SAN-BOS,AS,SAN,BOS,0,0
WAS-ATL,UA,WAS,ATL,0,1
LAX-TPA,WN,LAX,TPA,2,0
TUS-LAX,AA,TUS,LAX,2,1
PDX-TUS,AS,PDX,TUS,0,0
LAS-PDX,AS,LAS,PDX,0,0
DTW-LAX,WN,DTW,LAX,2,0
BOS-SAT,AA,BOS,SAT,2,1
SAT-SFO,WN,SAT,SFO,0,0
IND-PHX,AA,IND,PHX,0,1
SEA-IND,DL,SEA,IND,0,1
PDX-SFO,WN,PDX,SFO,0,0
DTW-MSP,NK,DTW,MSP,0,0
ORD-LAX,WN,ORD,LAX,0,0
CLT-OMA,AA,CLT,OMA,0,1
MKE-PDX,DL,MKE,PDX,2,1
MCI-WAS,WN,MCI,WAS,0,0
SEA-RDU,DL,SEA,RDU,0,1
DEN-SEA,WN,DEN,SEA,0,0
IND-ATL,WN,IND,ATL,0,0
BOS-AUS,DL,BOS,AUS,1,1
PHX-WAS,WN,PHX,WAS,0,0
DFW-LAX,NK,DFW,LAX,0,0
SAN-ORD,UA,SAN,ORD,0,1
MKE-TPA,DL,MKE,TPA,2,1
NYC-LAX,DL,NYC,LAX,0,1
ORD-TPA,AA,ORD,TPA,0,1
ORD-TUS,WN,ORD,TUS,0,0
BOS-WAS,AA,BOS,WAS,0,1
CLT-PHL,AA,CLT,PHL,0,1
SAT-LAX,AA,SAT,LAX,0,1
HOU-ATL,NK,HOU,ATL,0,0
BOS-HOU,WN,BOS,HOU,0,0
ATL-MEM,DL,ATL,MEM,0,1
CMH-MSP,WN,CMH,MSP,2,0
ORD-ATL,AA,ORD,ATL,0,1
RDU-MCI,WN,RDU,MCI,1,0
PHL-LAX,AA,PHL,LAX,0,1
DFW-SFO,UA,DFW,SFO,0,1
DTW-NYC,NK,DTW,NYC,0,0
WAS-LAX,WN,WAS,LAX,0,0
OKC-MIA,WN,OKC,MIA,2,0
DTW-CLT,AA,DTW,CLT,0,1
ATL-NYC,WN,ATL,NYC,0,0
PHL-ATL,DL,PHL,ATL,0,1
ATL-HOU,DL,ATL,HOU,0,1
OKC-HOU,UA,OKC,HOU,0,1
SFO-MIA,B6,SFO,MIA,0,0
MSY-PHL,AA,MSY,PHL,0,1
SDF-BOS,AA,SDF,BOS,2,1
TPA-LAS,DL,TPA,LAS,2,1
RDU-SAT,DL,RDU,SAT,2,1
SFO-PHX,WN,SFO,PHX,0,0
RDU-WAS,AA,RDU,WAS,0,1
OMA-ATL,DL,OMA,ATL,0,1
SDF-PHX,WN,SDF,PHX,0,0
NYC-PHF,DL,NYC,PHF,0,1
WAS-NYC,WN,WAS,NYC,0,0
SEA-RDU,AS,SEA,RDU,0,0
MCI-NYC,DL,MCI,NYC,0,1
SEA-PHF,AA,SEA,PHF,2,1
HOU-JAX,UA,HOU,JAX,0,1
MSP-PHL,DL,MSP,PHL,0,1
MSY-MCI,WN,MSY,MCI,0,0
NYC-DEN,UA,NYC,DEN,0,1
TPA-NYC,UA,TPA,NYC,0,1
IND-ATL,DL,IND,ATL,0,1
IND-TPA,WN,IND,TPA,1,0
IND-PHX,WN,IND,PHX,1,0
SAT-PDX,WN,SAT,PDX,2,0
NYC-SDF,UA,NYC,SDF,0,1
ATL-RDU,DL,ATL,RDU,0,1
MSP-MKE,DL,MSP,MKE,0,1
IND-PDX,DL,IND,PDX,2,1
SMF-NYC,DL,SMF,NYC,2,1
BOS-MKE,WN,BOS,MKE,0,0
OKC-BOS,AA,OKC,BOS,2,1
SFO-BNA,WN,SFO,BNA,2,0
ORD-SEA,AS,ORD,SEA,0,0
MSY-ORD,UA,MSY,ORD,0,1
ORD-NYC,AA,ORD,NYC,0,1
LAX-SMF,B6,LAX,SMF,0,0
SEA-NYC,AS,SEA,NYC,0,0
WAS-ELP,AA,WAS,ELP,2,1
PHL-MSY,AA,PHL,MSY,1,1
ORD-NYC,UA,ORD,NYC,0,1
ORD-PDX,AS,ORD,PDX,0,0
MIA-HOU,UA,MIA,HOU,0,1
SAN-NYC,AS,SAN,NYC,0,0
SAT-DTW,WN,SAT,DTW,2,0
MSY-AUS,WN,MSY,AUS,0,0
SAT-ABQ,WN,SAT,ABQ,2,0
PDX-MIA,UA,PDX,MIA,2,1
CMH-HOU,UA,CMH,HOU,0,1
BOS-PDX,DL,BOS,PDX,2,1
DFW-IND,WN,DFW,IND,0,0
HOU-BOS,WN,HOU,BOS,0,0
RDU-PHX,AA,RDU,PHX,2,1
SFO-MIA,AA,SFO,MIA,2,1
DFW-SAT,AA,DFW,SAT,0,1
BOS-LAX,DL,BOS,LAX,0,1
SEA-SAN,AS,SEA,SAN,0,0
LAX-SDF,AA,LAX,SDF,2,1
MSP-BOS,B6,MSP,BOS,0,0
ORD-SMF,UA,ORD,SMF,0,1
MSP-DEN,NK,MSP,DEN,0,0
LAX-TPA,UA,LAX,TPA,2,1
LAX-PHL,AS,LAX,PHL,0,0
WAS-SAT,UA,WAS,SAT,2,1
MCI-TPA,WN,MCI,TPA,1,0
RDU-SFO,AS,RDU,SFO,0,0
MSP-BNA,DL,MSP,BNA,0,1
CLT-ORD,AA,CLT,ORD,0,1
NYC-DEN,DL,NYC,DEN,0,1
PDX-NYC,DL,PDX,NYC,0,1
MCI-DTW,WN,MCI,DTW,2,0
SFO-DFW,WN,SFO,DFW,1,0
MCI-SAN,AS,MCI,SAN,0,0
PHF-ATL,DL,PHF,ATL,0,1
WAS-MEM,WN,WAS,MEM,0,0
OKC-MSY,WN,OKC,MSY,2,0
LAS-IND,WN,LAS,IND,0,0
MCI-PDX,WN,MCI,PDX,2,0
WAS-SMF,WN,WAS,SMF,1,0
HOU-SFO,WN,HOU,SFO,2,0
SFO-RDU,AS,SFO,RDU,0,0
SEA-SFO,AS,SEA,SFO,0,0
IND-MSP,DL,IND,MSP,0,1
LAX-CMH,DL,LAX,CMH,1,1
NYC-IND,AA,NYC,IND,0,1
AUS-MKE,WN,AUS,MKE,2,0
MSP-DFW,AA,MSP,DFW,0,1
ORD-MEM,WN,ORD,MEM,0,0
SMF-HOU,UA,SMF,HOU,0,1
SEA-DTW,DL,SEA,DTW,0,1
DFW-OMA,WN,DFW,OMA,0,0
ABQ-SFO,WN,ABQ,SFO,2,0
PDX-CLT,AA,PDX,CLT,0,1
PDX-BNA,WN,PDX,BNA,2,0
PHX-WAS,WN,PHX,WAS,2,0
MCI-LAX,WN,MCI,LAX,1,0
BNA-SFO,AS,BNA,SFO,0,0
CLT-DTW,AA,CLT,DTW,0,1
BOS-SAN,B6,BOS,SAN,0,0
OKC-SEA,AS,OKC,SEA,0,0
PHX-DFW,WN,PHX,DFW,0,0
NYC-BNA,DL,NYC,BNA,0,1
DTW-HOU,WN,DTW,HOU,2,0
SAN-SMF,AS,SAN,SMF,0,0
OKC-ORD,UA,OKC,ORD,0,1
ORD-PHL,UA,ORD,PHL,0,1
WAS-BNA,UA,WAS,BNA,0,1
CLT-DFW,AA,CLT,DFW,1,1
SFO-TUS,WN,SFO,TUS,2,0
LAX-ABQ,WN,LAX,ABQ,1,0
PHX-SFO,AA,PHX,SFO,0,1
HOU-BNA,WN,HOU,BNA,0,0
SEA-SMF,AS,SEA,SMF,0,0
AUS-MIA,WN,AUS,MIA,0,0
SFO-NYC,AS,SFO,NYC,0,0
ORD-HOU,UA,ORD,HOU,0,1
HOU-TUS,UA,HOU,TUS,0,1
LAX-JAX,DL,LAX,JAX,2,1
MSY-LAS,NK,MSY,LAS,1,0
SFO-AUS,WN,SFO,AUS,0,0
BNA-MIA,WN,BNA,MIA,0,0
SMF-LAS,WN,SMF,LAS,0,0
PHX-HOU,WN,PHX,HOU,1,0
ATL-ORD,UA,ATL,ORD,0,1
DTW-JAX,NK,DTW,JAX,0,0
SDF-DTW,DL,SDF,DTW,0,1
DEN-NYC,UA,DEN,NYC,0,1
PDX-DTW,DL,PDX,DTW,0,1
ELP-LAS,WN,ELP,LAS,1,0
DEN-MSY,WN,DEN,MSY,0,0
MKE-LAS,DL,MKE,LAS,2,1
LAS-SMF,WN,LAS,SMF,0,0
SDF-MIA,AA,SDF,MIA,0,1
SMF-NYC,WN,SMF,NYC,2,0
MCI-PDX,DL,MCI,PDX,2,1
PHL-SEA,AA,PHL,SEA,0,1
MIA-PHX,WN,MIA,PHX,0,0
DFW-CLT,AA,DFW,CLT,1,1
SFO-HOU,UA,SFO,HOU,0,1
DFW-TPA,NK,DFW,TPA,0,0
COS-DFW,AA,COS,DFW,0,1
LAX-SEA,DL,LAX,SEA,0,1
PHF-SAN,UA,PHF,SAN,2,1
SAT-ORD,WN,SAT,ORD,0,0
MKE-PHX,WN,MKE,PHX,1,0
MCI-ATL,WN,MCI,ATL,1,0
WAS-JAX,UA,WAS,JAX,0,1
HOU-SAN,WN,HOU,SAN,0,0
OMA-DFW,AA,OMA,DFW,0,1
CMH-PHX,WN,CMH,PHX,0,0
MIA-SFO,B6,MIA,SFO,0,0
DEN-ATL,NK,DEN,ATL,0,0
PDX-LAX,AS,PDX,LAX,0,0
PHX-PDX,AA,PHX,PDX,0,1
CLT-IND,AA,CLT,IND,0,1
SAT-BOS,UA,SAT,BOS,2,1
ORD-LAS,WN,ORD,LAS,0,0
SEA-PHL,AS,SEA,PHL,0,0
HOU-NYC,WN,HOU,NYC,0,0
SAT-DTW,DL,SAT,DTW,0,1
LAX-BNA,AA,LAX,BNA,2,1
ATL-SEA,DL,ATL,SEA,0,1
SMF-TPA,WN,SMF,TPA,2,0
PDX-NYC,AS,PDX,NYC,0,0
SEA-CLT,DL,SEA,CLT,2,1
TPA-SAN,WN,TPA,SAN,1,0
MIA-LAX,NK,MIA,LAX,0,0
HOU-BOS,B6,HOU,BOS,0,0
SEA-DFW,AS,SEA,DFW,0,0
SMF-OMA,WN,SMF,OMA,2,0
DFW-SEA,WN,DFW,SEA,0,0
DTW-PDX,DL,DTW,PDX,0,1
RDU-DEN,DL,RDU,DEN,2,1
ATL-AUS,DL,ATL,AUS,0,1
SAN-MIA,WN,SAN,MIA,2,0
MIA-SAT,WN,MIA,SAT,0,0
MCI-SFO,WN,MCI,SFO,2,0
PDX-LAX,DL,PDX,LAX,0,1
PDX-MSY,AS,PDX,MSY,2,0
DEN-SFO,WN,DEN,SFO,0,0
PDX-WAS,AS,PDX,WAS,1,0
SMF-LAX,WN,SMF,LAX,0,0
LAS-WAS,WN,LAS,WAS,0,0
BOS-LAS,AA,BOS,LAS,2,1
ORD-PHX,WN,ORD,PHX,0,0
RDU-MSY,WN,RDU,MSY,1,0
HOU-MSY,WN,HOU,MSY,0,0
MSP-BOS,DL,MSP,BOS,0,1
CLT-BOS,B6,CLT,BOS,0,0
SAT-DFW,AA,SAT,DFW,0,1
NYC-PHX,B6,NYC,PHX,0,0
MCI-MSP,WN,MCI,MSP,0,0
OKC-ORD,WN,OKC,ORD,0,0
MKE-BOS,WN,MKE,BOS,0,0
SFO-SAN,WN,SFO,SAN,0,0
SFO-PDX,WN,SFO,PDX,0,0
DFW-BOS,AA,DFW,BOS,0,1
CMH-HOU,WN,CMH,HOU,1,0
PHF-SAN,AA,PHF,SAN,2,1
SAN-SMF,WN,SAN,SMF,0,0
SDF-HOU,WN,SDF,HOU,1,0
MSY-SEA,AS,MSY,SEA,0,0
WAS-PHX,WN,WAS,PHX,2,0
LAX-MKE,AA,LAX,MKE,2,1
DFW-SAN,AA,DFW,SAN,0,1
PHX-IND,AA,PHX,IND,0,1
NYC-SAT,UA,NYC,SAT,0,1
TPA-SAT,WN,TPA,SAT,1,0
IND-DEN,WN,IND,DEN,0,0
WAS-SEA,AS,WAS,SEA,0,0
SAN-AUS,WN,SAN,AUS,1,0
WAS-LAX,AA,WAS,LAX,2,1
AUS-LAS,WN,AUS,LAS,1,0
OMA-ORD,AA,OMA,ORD,0,1
WAS-SAT,WN,WAS,SAT,0,0
PHX-SMF,WN,PHX,SMF,0,0
BOS-MSY,AA,BOS,MSY,2,1
SEA-DEN,DL,SEA,DEN,0,1
PHL-OKC,AA,PHL,OKC,0,1
DEN-BOS,WN,DEN,BOS,0,0
WAS-DFW,AA,WAS,DFW,0,1
TPA-ORD,AA,TPA,ORD,0,1
ELP-DFW,WN,ELP,DFW,1,0
TUL-LAX,AA,TUL,LAX,0,1
SAN-FAT,AS,SAN,FAT,0,0
PHX-ABQ,AA,PHX,ABQ,0,1
ABQ-TPA,WN,ABQ,TPA,2,0
SFO-DFW,WN,SFO,DFW,0,0
PHX-MSY,UA,PHX,MSY,2,1
SEA-DFW,AA,SEA,DFW,0,1
WAS-SEA,UA,WAS,SEA,0,1
LAX-PDX,WN,LAX,PDX,1,0
WAS-PDX,WN,WAS,PDX,2,0
HOU-COS,UA,HOU,COS,0,1
SFO-MIA,AA,SFO,MIA,1,1
BOS-ORD,UA,BOS,ORD,0,1
PHL-MIA,B6,PHL,MIA,0,0
SEA-BOS,B6,SEA,BOS,0,0
WAS-SMF,WN,WAS,SMF,0,0
MIA-TPA,WN,MIA,TPA,0,0
ATL-TPA,DL,ATL,TPA,0,1
PHL-AUS,AA,PHL,AUS,1,1
DFW-TUS,AA,DFW,TUS,0,1
NYC-DTW,AA,NYC,DTW,0,1
PHX-SEA,DL,PHX,SEA,0,1
DEN-PHX,AA,DEN,PHX,0,1
DTW-BOS,NK,DTW,BOS,0,0
TPA-ORD,UA,TPA,ORD,0,1
WAS-ORD,NK,WAS,ORD,0,0
DTW-WAS,NK,DTW,WAS,0,0
SAT-ELP,WN,SAT,ELP,0,0
RDU-ATL,WN,RDU,ATL,0,0
MIA-AUS,AA,MIA,AUS,0,1
MEM-PHX,AA,MEM,PHX,0,1
MKE-DEN,UA,MKE,DEN,0,1
PDX-PHX,AA,PDX,PHX,0,1
DTW-PHL,AA,DTW,PHL,0,1
SAN-SFO,AS,SAN,SFO,0,0
DEN-MSY,NK,DEN,MSY,0,0
TUS-BOS,AA,TUS,BOS,2,1
PHL-DFW,NK,PHL,DFW,0,0
ELP-NYC,WN,ELP,NYC,2,0
NYC-JAX,B6,NYC,JAX,0,0
RDU-LAX,DL,RDU,LAX,2,1
PHX-DTW,WN,PHX,DTW,1,0
WAS-TPA,AA,WAS,TPA,0,1
IND-DEN,UA,IND,DEN,0,1
SAN-TUS,WN,SAN,TUS,0,0
BOS-PHX,DL,BOS,PHX,2,1
RDU-BNA,DL,RDU,BNA,0,1
LAX-RDU,AA,LAX,RDU,1,1
DEN-PHL,WN,DEN,PHL,0,0
LAS-NYC,DL,LAS,NYC,0,1
AUS-LAX,B6,AUS,LAX,0,0
BOS-BNA,WN,BOS,BNA,0,0
HOU-LAX,WN,HOU,LAX,1,0
DTW-AUS,NK,DTW,AUS,0,0
LAX-BOS,AS,LAX,BOS,0,0
MSP-SAN,AS,MSP,SAN,0,0
SFO-ORD,UA,SFO,ORD,0,1
IND-MCI,WN,IND,MCI,0,0
CMH-SAN,WN,CMH,SAN,2,0
NYC-MIA,DL,NYC,MIA,0,1
PHF-ORD,AA,PHF,ORD,0,1
ELP-SEA,AS,ELP,SEA,0,0
MIA-BOS,B6,MIA,BOS,0,0
AUS-BOS,DL,AUS,BOS,1,1
DFW-LAS,WN,DFW,LAS,0,0
LAX-IND,AA,LAX,IND,0,1
WAS-BNA,AA,WAS,BNA,0,1
LAS-WAS,UA,LAS,WAS,0,1
CLT-MSP,AA,CLT,MSP,0,1
MSY-MIA,AA,MSY,MIA,0,1
WAS-IND,WN,WAS,IND,0,0
AUS-LAX,NK,AUS,LAX,0,0
ORD-IND,UA,ORD,IND,0,1
HOU-TUL,WN,HOU,TUL,0,0
SAN-RDU,WN,SAN,RDU,2,0
SFO-WAS,UA,SFO,WAS,0,1
WAS-DTW,WN,WAS,DTW,0,0
SAT-MCI,WN,SAT,MCI,0,0
ABQ-HOU,WN,ABQ,HOU,1,0
TPA-LAX,AA,TPA,LAX,2,1
SAT-ORD,WN,SAT,ORD,1,0
TUL-MIA,WN,TUL,MIA,2,0
CLT-BNA,WN,CLT,BNA,0,0
BOS-HOU,DL,BOS,HOU,2,1
NYC-HOU,B6,NYC,HOU,0,0
AUS-BOS,B6,AUS,BOS,0,0
SEA-LAX,AS,SEA,LAX,0,0
JAX-SFO,DL,JAX,SFO,2,1
HOU-PHL,WN,HOU,PHL,0,0
ORD-BOS,B6,ORD,BOS,0,0
PDX-PHX,WN,PDX,PHX,0,0
LAX-TPA,DL,LAX,TPA,0,1
LAS-ORD,WN,LAS,ORD,0,0
ATL-TUS,DL,ATL,TUS,0,1
ATL-DTW,WN,ATL,DTW,0,0
WAS-TPA,NK,WAS,TPA,0,0
PHX-MSP,WN,PHX,MSP,1,0
MIA-RDU,WN,MIA,RDU,0,0
BOS-JAX,B6,BOS,JAX,0,0
WAS-ABQ,WN,WAS,ABQ,0,0
ATL-MSY,DL,ATL,MSY,0,1
RDU-HOU,UA,RDU,HOU,0,1
PHX-OKC,WN,PHX,OKC,0,0
MIA-LAS,AA,MIA,LAS,1,1
RDU-BOS,DL,RDU,BOS,0,1
LAX-MKE,WN,LAX,MKE,1,0
SAT-CLT,AA,SAT,CLT,0,1
SAT-BNA,WN,SAT,BNA,1,0
ORD-SFO,WN,ORD,SFO,0,0
HOU-BOS,UA,HOU,BOS,0,1
NYC-TPA,WN,NYC,TPA,0,0
BOS-ORD,WN,BOS,ORD,0,0
MEM-LAS,DL,MEM,LAS,2,1
SFO-MSY,WN,SFO,MSY,1,0
JAX-LAS,WN,JAX,LAS,2,0
MSP-NYC,UA,MSP,NYC,0,1
AUS-BOS,WN,AUS,BOS,2,0
RDU-WAS,WN,RDU,WAS,0,0
BNA-PDX,WN,BNA,PDX,2,0
DEN-SEA,DL,DEN,SEA,0,1
HOU-SAN,NK,HOU,SAN,0,0
JAX-NYC,AA,JAX,NYC,2,1
MEM-ATL,DL,MEM,ATL,0,1
OMA-SEA,AS,OMA,SEA,0,0
CMH-SEA,DL,CMH,SEA,2,1
JAX-MIA,AA,JAX,MIA,0,1
HOU-NYC,UA,HOU,NYC,0,1
DEN-MIA,WN,DEN,MIA,0,0
IND-LAX,AA,IND,LAX,2,1
LAX-DEN,WN,LAX,DEN,1,0
CMH-LAX,AA,CMH,LAX,1,1
ABQ-DFW,AA,ABQ,DFW,0,1
TPA-DEN,WN,TPA,DEN,0,0
MIA-SDF,AA,MIA,SDF,0,1
NYC-ATL,WN,NYC,ATL,0,0
MCI-BOS,DL,MCI,BOS,0,1
DTW-DFW,NK,DTW,DFW,0,0
SMF-BNA,WN,SMF,BNA,2,0
PHL-SAT,AA,PHL,SAT,2,1
OMA-BOS,WN,OMA,BOS,2,0
LAX-ABQ,WN,LAX,ABQ,0,0
RDU-AUS,DL,RDU,AUS,1,1
ELP-DFW,WN,ELP,DFW,0,0
IND-SAN,DL,IND,SAN,2,1
RDU-PHX,WN,RDU,PHX,2,0
LAX-MKE,WN,LAX,MKE,2,0
JAX-HOU,UA,JAX,HOU,0,1
HOU-AUS,UA,HOU,AUS,0,1
MSY-BOS,WN,MSY,BOS,2,0
PHX-JAX,AA,PHX,JAX,2,1
LAX-HOU,AA,LAX,HOU,0,1
SAT-ORD,AA,SAT,ORD,0,1
MIA-LAS,WN,MIA,LAS,1,0
LAX-SFO,DL,LAX,SFO,0,1
SFO-ABQ,UA,SFO,ABQ,0,1
BOS-MIA,WN,BOS,MIA,0,0
NYC-LAS,UA,NYC,LAS,0,1
DFW-PHX,WN,DFW,PHX,0,0
ATL-WAS,NK,ATL,WAS,0,0
MSP-DEN,UA,MSP,DEN,0,1
IND-NYC,UA,IND,NYC,0,1
NYC-SAT,AA,NYC,SAT,2,1
NYC-MIA,AA,NYC,MIA,0,1
AUS-SAN,WN,AUS,SAN,1,0
JAX-WAS,WN,JAX,WAS,0,0
SFO-BNA,AS,SFO,BNA,0,0
NYC-ATL,DL,NYC,ATL,0,1
SAN-BOS,AA,SAN,BOS,2,1
DEN-LAX,UA,DEN,LAX,0,1
DFW-MSP,AA,DFW,MSP,0,1
LAX-MSY,NK,LAX,MSY,0,0
JAX-DEN,WN,JAX,DEN,0,0
PHX-ORD,UA,PHX,ORD,0,1
CMH-ATL,WN,CMH,ATL,1,0
FAT-SAT,AA,FAT,SAT,2,1
RDU-WAS,UA,RDU,WAS,0,1
PDX-BOS,AS,PDX,BOS,0,0
BOS-AUS,WN,BOS,AUS,0,0
HOU-PHF,UA,HOU,PHF,0,1
HOU-ATL,DL,HOU,ATL,0,1
BNA-ATL,WN,BNA,ATL,0,0
NYC-CLT,DL,NYC,CLT,0,1
WAS-JAX,AA,WAS,JAX,0,1
WAS-PHX,WN,WAS,PHX,1,0
HOU-SEA,WN,HOU,SEA,1,0
SFO-SAT,WN,SFO,SAT,0,0
NYC-SAT,UA,NYC,SAT,1,1
SFO-NYC,B6,SFO,NYC,0,0
BOS-IND,WN,BOS,IND,2,0
PHL-LAX,AA,PHL,LAX,1,1
ABQ-MSY,WN,ABQ,MSY,2,0
CLT-LAS,UA,CLT,LAS,2,1
ORD-BOS,UA,ORD,BOS,0,1
LAX-TUL,AA,LAX,TUL,0,1
MEM-DTW,DL,MEM,DTW,0,1
LAX-AUS,WN,LAX,AUS,0,0
PHF-TPA,DL,PHF,TPA,2,1
RDU-LAX,DL,RDU,LAX,1,1
SEA-PHX,WN,SEA,PHX,0,0
AUS-NYC,WN,AUS,NYC,0,0
NYC-HOU,DL,NYC,HOU,0,1
MSY-DFW,AA,MSY,DFW,0,1
BOS-PHF,DL,BOS,PHF,0,1
NYC-SAN,AS,NYC,SAN,0,0
LAX-SFO,B6,LAX,SFO,0,0
PDX-MIA,DL,PDX,MIA,2,1
DFW-ATL,WN,DFW,ATL,0,0
TUS-SAN,WN,TUS,SAN,0,0
SAT-TPA,WN,SAT,TPA,1,0
HOU-CMH,WN,HOU,CMH,1,0
LAX-ATL,DL,LAX,ATL,1,1
IND-SEA,DL,IND,SEA,0,1
MIA-WAS,WN,MIA,WAS,0,0
MSP-WAS,NK,MSP,WAS,0,0
RDU-ORD,WN,RDU,ORD,0,0
ATL-DEN,DL,ATL,DEN,0,1
WAS-OKC,WN,WAS,OKC,0,0
DEN-ATL,WN,DEN,ATL,1,0
ORD-PHF,WN,ORD,PHF,0,0
PHX-IND,WN,PHX,IND,0,0
OMA-PHX,WN,OMA,PHX,0,0
SDF-ORD,AA,SDF,ORD,0,1
RDU-TPA,DL,RDU,TPA,0,1
WAS-JAX,B6,WAS,JAX,0,0
SAT-DEN,UA,SAT,DEN,0,1
SMF-BOS,WN,SMF,BOS,2,0
RDU-PHX,WN,RDU,PHX,1,0
DEN-ELP,UA,DEN,ELP,0,1
DEN-HOU,UA,DEN,HOU,1,1
BNA-DEN,WN,BNA,DEN,1,0
LAS-BOS,B6,LAS,BOS,0,0
BOS-ABQ,AA,BOS,ABQ,2,1
LAS-DEN,UA,LAS,DEN,0,1
WAS-NYC,DL,WAS,NYC,0,1
ORD-ATL,DL,ORD,ATL,0,1
MEM-WAS,WN,MEM,WAS,0,0
SAT-IND,WN,SAT,IND,2,0
PDX-LAS,AS,PDX,LAS,0,0
HOU-MIA,NK,HOU,MIA,0,0
MKE-BNA,DL,MKE,BNA,2,1
PDX-ORD,DL,PDX,ORD,2,1
DEN-SFO,UA,DEN,SFO,0,1
HOU-PDX,WN,HOU,PDX,2,0
MKE-DFW,AA,MKE,DFW,0,1
DEN-IND,UA,DEN,IND,0,1
MCI-SFO,UA,MCI,SFO,0,1
CLT-TUL,AA,CLT,TUL,0,1
ORD-TUS,AA,ORD,TUS,0,1
MCI-HOU,WN,MCI,HOU,1,0
SEA-ORD,WN,SEA,ORD,0,0
LAX-HOU,NK,LAX,HOU,0,0
DFW-FAT,AA,DFW,FAT,0,1
TPA-MIA,WN,TPA,MIA,0,0
MCI-SAN,WN,MCI,SAN,0,0
TPA-RDU,WN,TPA,RDU,0,0
COS-ORD,UA,COS,ORD,0,1
LAX-PHL,WN,LAX,PHL,2,0
LAX-CMH,WN,LAX,CMH,2,0
TUS-DFW,AA,TUS,DFW,0,1
IND-DEN,WN,IND,DEN,1,0
NYC-ORD,DL,NYC,ORD,0,1
OKC-SAT,WN,OKC,SAT,2,0
DFW-RDU,AA,DFW,RDU,0,1
SAN-PHL,AA,SAN,PHL,0,1
MKE-BNA,WN,MKE,BNA,0,0
LAX-MIA,NK,LAX,MIA,0,0
BNA-SEA,WN,BNA,SEA,2,0
PHL-ATL,NK,PHL,ATL,0,0
WAS-ABQ,WN,WAS,ABQ,1,0
IND-CLT,AA,IND,CLT,0,1
CMH-SFO,WN,CMH,SFO,2,0
MCI-DTW,NK,MCI,DTW,0,0
BOS-CLT,AA,BOS,CLT,0,1
LAX-MCI,WN,LAX,MCI,1,0
MSP-ATL,DL,MSP,ATL,1,1
BOS-MIA,AA,BOS,MIA,0,1
NYC-PDX,AS,NYC,PDX,0,0
ELP-LAS,WN,ELP,LAS,0,0
BOS-ATL,B6,BOS,ATL,0,0
WAS-MSY,NK,WAS,MSY,0,0
NYC-AUS,WN,NYC,AUS,0,0
MSY-SAN,WN,MSY,SAN,0,0
ATL-MCI,DL,ATL,MCI,0,1
SEA-AUS,AS,SEA,AUS,1,0
DEN-OKC,WN,DEN,OKC,0,0
ORD-TUL,UA,ORD,TUL,0,1
DFW-CLT,AA,DFW,CLT,2,1
TUL-PHX,WN,TUL,PHX,0,0
MSP-DFW,NK,MSP,DFW,0,0
ABQ-NYC,WN,ABQ,NYC,2,0
DEN-FAT,UA,DEN,FAT,0,1
PHL-HOU,WN,PHL,HOU,1,0
CMH-MIA,WN,CMH,MIA,0,0
BNA-OKC,WN,BNA,OKC,2,0
BOS-PHL,DL,BOS,PHL,0,1
SFO-BOS,WN,SFO,BOS,2,0
NYC-SFO,AS,NYC,SFO,0,0
WAS-AUS,DL,WAS,AUS,2,1
PHL-BOS,B6,PHL,BOS,0,0
SFO-NYC,UA,SFO,NYC,0,1
BNA-NYC,WN,BNA,NYC,0,0
HOU-SDF,UA,HOU,SDF,0,1
SMF-PHX,WN,SMF,PHX,1,0
HOU-SEA,AS,HOU,SEA,0,0
SMF-TUL,WN,SMF,TUL,2,0
PHX-HOU,AA,PHX,HOU,0,1
DFW-LAX,DL,DFW,LAX,0,1
RDU-BOS,WN,RDU,BOS,2,0
MCI-LAX,WN,MCI,LAX,0,0
WAS-PDX,DL,WAS,PDX,2,1
CMH-LAX,DL,CMH,LAX,1,1
LAX-IND,AA,LAX,IND,2,1
TPA-LAX,DL,TPA,LAX,1,1
ATL-DFW,AA,ATL,DFW,0,1
IND-SAT,AA,IND,SAT,2,1
ATL-MKE,WN,ATL,MKE,0,0
PHF-BOS,WN,PHF,BOS,2,0
RDU-BOS,B6,RDU,BOS,0,0
SFO-LAS,AS,SFO,LAS,0,0
NYC-PDX,B6,NYC,PDX,0,0
AUS-LAX,AA,AUS,LAX,0,1
CLT-SDF,AA,CLT,SDF,0,1
LAX-SAT,WN,LAX,SAT,1,0
RDU-NYC,DL,RDU,NYC,0,1
HOU-SEA,UA,HOU,SEA,0,1
LAX-WAS,UA,LAX,WAS,2,1
MSY-DTW,DL,MSY,DTW,0,1
BOS-PDX,AS,BOS,PDX,0,0
RDU-SAN,WN,RDU,SAN,2,0
NYC-ATL,UA,NYC,ATL,0,1
ORD-MIA,WN,ORD,MIA,0,0
ABQ-LAX,WN,ABQ,LAX,2,0
LAX-MIA,WN,LAX,MIA,2,0
CLT-BOS,AA,CLT,BOS,0,1
WAS-BOS,B6,WAS,BOS,0,0
DTW-SFO,DL,DTW,SFO,1,1
MIA-IND,AA,MIA,IND,0,1
ABQ-LAX,WN,ABQ,LAX,0,0
SDF-BOS,WN,SDF,BOS,2,0
OMA-MIA,DL,OMA,MIA,2,1
ABQ-LAX,DL,ABQ,LAX,0,1
SFO-ATL,WN,SFO,ATL,1,0
MSP-MCI,DL,MSP,MCI,0,1
PHL-ATL,AA,PHL,ATL,0,1
LAX-SEA,B6,LAX,SEA,0,0
WAS-NYC,UA,WAS,NYC,0,1
SEA-SAN,WN,SEA,SAN,0,0
PHX-NYC,DL,PHX,NYC,0,1
AUS-TPA,WN,AUS,TPA,0,0
SMF-HOU,WN,SMF,HOU,1,0
DEN-PHL,AA,DEN,PHL,0,1
SFO-BOS,AS,SFO,BOS,0,0
PHF-PHX,AA,PHF,PHX,2,1
PDX-DFW,AA,PDX,DFW,0,1
TPA-MEM,WN,TPA,MEM,0,0
PHX-BOS,AA,PHX,BOS,0,1
AUS-SEA,AS,AUS,SEA,0,0
DTW-DFW,AA,DTW,DFW,0,1
RDU-SEA,DL,RDU,SEA,0,1
SFO-DTW,NK,SFO,DTW,0,0
ABQ-LAS,WN,ABQ,LAS,1,0
BNA-HOU,UA,BNA,HOU,0,1
CMH-LAX,DL,CMH,LAX,0,1
OMA-TPA,DL,OMA,TPA,2,1
DEN-ATL,DL,DEN,ATL,0,1
IND-MSY,WN,IND,MSY,2,0
LAX-ATL,WN,LAX,ATL,1,0
SAT-ORD,UA,SAT,ORD,0,1
SFO-MIA,WN,SFO,MIA,2,0
SEA-PHX,AS,SEA,PHX,0,0
MIA-BNA,B6,MIA,BNA,0,0
DFW-MSP,DL,DFW,MSP,0,1
DFW-NYC,AA,DFW,NYC,0,1
PHX-WAS,WN,PHX,WAS,1,0
ORD-PDX,WN,ORD,PDX,1,0
WAS-CLT,AA,WAS,CLT,0,1
DFW-JAX,WN,DFW,JAX,0,0
ATL-AUS,WN,ATL,AUS,0,0
MCI-LAS,WN,MCI,LAS,1,0
BOS-MIA,DL,BOS,MIA,0,1
SAT-LAS,AA,SAT,LAS,2,1
HOU-ORD,UA,HOU,ORD,0,1
DEN-CLT,WN,DEN,CLT,2,0
DTW-ATL,DL,DTW,ATL,0,1
IND-NYC,AA,IND,NYC,0,1
BOS-ABQ,WN,BOS,ABQ,2,0
TPA-ATL,NK,TPA,ATL,0,0
BOS-AUS,WN,BOS,AUS,1,0
WAS-SAN,WN,WAS,SAN,1,0
TUL-LAS,WN,TUL,LAS,0,0
JAX-BOS,B6,JAX,BOS,0,0
ATL-MIA,DL,ATL,MIA,0,1
DFW-SAN,NK,DFW,SAN,0,0
JAX-BNA,WN,JAX,BNA,0,0
SMF-SAN,WN,SMF,SAN,0,0
HOU-MCI,WN,HOU,MCI,1,0
BOS-MSY,NK,BOS,MSY,0,0
IND-LAX,WN,IND,LAX,1,0
PHX-MCI,WN,PHX,MCI,0,0
PHX-MIA,WN,PHX,MIA,0,0
LAX-PDX,AS,LAX,PDX,0,0
TPA-CMH,WN,TPA,CMH,0,0
SMF-LAS,WN,SMF,LAS,1,0
MSY-ATL,WN,MSY,ATL,0,0
MCI-SEA,AS,MCI,SEA,0,0
TUL-HOU,UA,TUL,HOU,0,1
ELP-SAN,WN,ELP,SAN,1,0
SFO-MCI,WN,SFO,MCI,0,0
ATL-IND,WN,ATL,IND,0,0
CLT-OKC,AA,CLT,OKC,0,1
PDX-WAS,UA,PDX,WAS,2,1
MSY-ATL,DL,MSY,ATL,0,1
IND-MIA,AA,IND,MIA,0,1
NYC-CLT,B6,NYC,CLT,0,0
OKC-BOS,WN,OKC,BOS,2,0
LAS-MCI,WN,LAS,MCI,0,0
LAX-MEM,UA,LAX,MEM,2,1
WAS-BNA,WN,WAS,BNA,0,0
SAN-WAS,UA,SAN,WAS,0,1
SEA-DEN,AS,SEA,DEN,0,0
ABQ-WAS,WN,ABQ,WAS,1,0
RDU-MCI,WN,RDU,MCI,0,0
HOU-MIA,WN,HOU,MIA,0,0
ORD-PHF,AA,ORD,PHF,0,1
PHL-SAN,AA,PHL,SAN,1,1
SEA-IND,AS,SEA,IND,0,0
ATL-LAS,DL,ATL,LAS,0,1
PHX-ATL,DL,PHX,ATL,0,1
MIA-TPA,NK,MIA,TPA,0,0
OMA-SFO,WN,OMA,SFO,2,0
COS-WAS,UA,COS,WAS,2,1
SFO-WAS,WN,SFO,WAS,1,0
ATL-MSP,DL,ATL,MSP,1,1
LAX-SFO,AS,LAX,SFO,0,0
PHL-LAX,NK,PHL,LAX,0,0
MIA-SAN,AA,MIA,SAN,0,1
DEN-TUS,UA,DEN,TUS,0,1
SFO-WAS,DL,SFO,WAS,2,1
SFO-ABQ,WN,SFO,ABQ,0,0
BNA-SAN,WN,BNA,SAN,0,0
MCI-WAS,WN,MCI,WAS,1,0
ABQ-LAS,WN,ABQ,LAS,0,0
MIA-RDU,NK,MIA,RDU,0,0
ABQ-SFO,UA,ABQ,SFO,0,1
ORD-PHX,AA,ORD,PHX,0,1
AUS-DTW,WN,AUS,DTW,2,0
HOU-PHL,AA,HOU,PHL,0,1
RDU-PHX,WN,RDU,PHX,0,0
MIA-MCI,AA,MIA,MCI,0,1
MIA-CLT,AA,MIA,CLT,0,1
ATL-BNA,DL,ATL,BNA,0,1
MKE-MIA,WN,MKE,MIA,2,0
BOS-TPA,NK,BOS,TPA,0,0
LAX-PHX,WN,LAX,PHX,0,0
SAT-RDU,WN,SAT,RDU,2,0
MSP-LAX,DL,MSP,LAX,0,1
SMF-PDX,WN,SMF,PDX,0,0
IND-SAN,WN,IND,SAN,2,0
LAX-MCI,DL,LAX,MCI,0,1
WAS-MIA,AA,WAS,MIA,0,1
PHF-SEA,DL,PHF,SEA,2,1
SMF-WAS,DL,SMF,WAS,2,1
BOS-DFW,B6,BOS,DFW,0,0
ATL-JAX,WN,ATL,JAX,0,0
SFO-MCI,WN,SFO,MCI,1,0
LAX-MSY,DL,LAX,MSY,0,1
JAX-SEA,DL,JAX,SEA,2,1
MSY-MIA,NK,MSY,MIA,0,0
MIA-PHX,B6,MIA,PHX,0,0
SFO-IND,WN,SFO,IND,1,0
MCI-MIA,WN,MCI,MIA,1,0
PHL-DTW,DL,PHL,DTW,0,1
RDU-WAS,NK,RDU,WAS,0,0
LAS-BOS,NK,LAS,BOS,0,0
SMF-DEN,WN,SMF,DEN,1,0
LAS-SAN,WN,LAS,SAN,0,0
LAS-OMA,WN,LAS,OMA,0,0
WAS-CLT,WN,WAS,CLT,0,0
PHX-NYC,UA,PHX,NYC,0,1
LAX-ATL,AA,LAX,ATL,0,1
BOS-PHL,B6,BOS,PHL,0,0
DFW-ORD,NK,DFW,ORD,0,0
ABQ-SEA,AS,ABQ,SEA,0,0
HOU-ELP,WN,HOU,ELP,0,0
BNA-DFW,AA,BNA,DFW,0,1
SEA-AUS,AS,SEA,AUS,0,0
IND-MIA,WN,IND,MIA,1,0
CLT-PHX,AA,CLT,PHX,1,1
BOS-ORD,AA,BOS,ORD,0,1
BNA-BOS,DL,BNA,BOS,0,1
MIA-SFO,AA,MIA,SFO,1,1
DEN-DFW,UA,DEN,DFW,0,1
ORD-SDF,WN,ORD,SDF,0,0
MCI-WAS,AA,MCI,WAS,0,1
BNA-LAX,WN,BNA,LAX,0,0
MCI-IND,WN,MCI,IND,0,0
MIA-DTW,NK,MIA,DTW,0,0
BNA-ORD,AA,BNA,ORD,0,1
MIA-ATL,AA,MIA,ATL,0,1
IND-LAX,DL,IND,LAX,1,1
SAN-NYC,B6,SAN,NYC,0,0
LAX-AUS,WN,LAX,AUS,2,0
SEA-ATL,DL,SEA,ATL,0,1
TPA-SAN,WN,TPA,SAN,0,0
SAT-WAS,WN,SAT,WAS,1,0
HOU-SEA,WN,HOU,SEA,2,0
MIA-PHL,B6,MIA,PHL,0,0
OKC-ATL,DL,OKC,ATL,0,1
MSY-AUS,WN,MSY,AUS,1,0
PHX-MSP,AA,PHX,MSP,0,1
MIA-CMH,WN,MIA,CMH,0,0
SFO-LAX,WN,SFO,LAX,0,0
ELP-HOU,WN,ELP,HOU,1,0
DEN-MIA,WN,DEN,MIA,1,0
MIA-LAX,AA,MIA,LAX,0,1
MEM-ORD,UA,MEM,ORD,0,1
PDX-WAS,AS,PDX,WAS,0,0
WAS-ABQ,WN,WAS,ABQ,2,0
MSY-WAS,UA,MSY,WAS,0,1
ATL-CMH,WN,ATL,CMH,0,0
PHX-CLT,AA,PHX,CLT,0,1
SAN-ABQ,WN,SAN,ABQ,1,0
OMA-SAN,WN,OMA,SAN,2,0
MIA-DFW,AA,MIA,DFW,0,1
SMF-RDU,WN,SMF,RDU,2,0
SEA-BNA,AS,SEA,BNA,0,0
SAT-SAN,WN,SAT,SAN,1,0
MKE-BOS,WN,MKE,BOS,1,0
MIA-MKE,DL,MIA,MKE,2,1
ATL-MSY,NK,ATL,MSY,0,0
SAT-LAS,WN,SAT,LAS,0,0
SFO-CMH,UA,SFO,CMH,2,1
PHX-SFO,UA,PHX,SFO,0,1
IND-ORD,AA,IND,ORD,0,1
IND-SFO,WN,IND,SFO,2,0
ABQ-SFO,WN,ABQ,SFO,0,0
IND-BOS,AA,IND,BOS,2,1
CMH-WAS,WN,CMH,WAS,0,0
ORD-HOU,NK,ORD,HOU,0,0
NYC-SAN,DL,NYC,SAN,0,1
WAS-DFW,WN,WAS,DFW,1,0
SDF-DFW,AA,SDF,DFW,0,1
AUS-SFO,WN,AUS,SFO,1,0
OMA-DTW,DL,OMA,DTW,0,1
PDX-ORD,WN,PDX,ORD,0,0
OKC-NYC,WN,OKC,NYC,2,0
SAT-CMH,WN,SAT,CMH,2,0
ORD-PHL,AA,ORD,PHL,0,1
JAX-DFW,DL,JAX,DFW,2,1
LAS-TPA,WN,LAS,TPA,0,0
IND-LAX,WN,IND,LAX,0,0
MIA-NYC,UA,MIA,NYC,0,1
TPA-RDU,DL,TPA,RDU,0,1
BNA-LAX,WN,BNA,LAX,1,0
LAX-ELP,WN,LAX,ELP,0,0
ATL-PHF,DL,ATL,PHF,0,1
ABQ-AUS,WN,ABQ,AUS,1,0
NYC-MKE,WN,NYC,MKE,0,0
BNA-MKE,WN,BNA,MKE,0,0
ABQ-ORD,WN,ABQ,ORD,1,0
JAX-DTW,DL,JAX,DTW,0,1
ORD-MCI,UA,ORD,MCI,0,1
BOS-RDU,B6,BOS,RDU,0,0
TUL-ORD,WN,TUL,ORD,2,0
ABQ-HOU,WN,ABQ,HOU,0,0
LAX-DFW,NK,LAX,DFW,0,0
SFO-NYC,DL,SFO,NYC,0,1
SFO-DTW,DL,SFO,DTW,1,1
MEM-MSP,DL,MEM,MSP,0,1
AUS-BOS,UA,AUS,BOS,2,1
MIA-RDU,DL,MIA,RDU,0,1
LAS-MSY,WN,LAS,MSY,0,0
RDU-TPA,WN,RDU,TPA,0,0
DTW-BOS,DL,DTW,BOS,0,1
DTW-LAS,WN,DTW,LAS,0,0
TUL-LAS,WN,TUL,LAS,1,0
TUS-PHL,AA,TUS,PHL,2,1
ABQ-MIA,AA,ABQ,MIA,2,1
SEA-MCI,AS,SEA,MCI,0,0
SEA-SMF,DL,SEA,SMF,0,1
TPA-HOU,UA,TPA,HOU,0,1
LAS-MSY,NK,LAS,MSY,0,0
LAX-BOS,AA,LAX,BOS,0,1
DFW-MSY,NK,DFW,MSY,0,0
SFO-PHL,UA,SFO,PHL,0,1
TPA-SEA,WN,TPA,SEA,2,0
ABQ-SAT,WN,ABQ,SAT,2,0
IND-LAS,WN,IND,LAS,1,0
NYC-SEA,AS,NYC,SEA,0,0
OMA-DFW,WN,OMA,DFW,0,0
WAS-OMA,WN,WAS,OMA,2,0
MSP-TPA,DL,MSP,TPA,1,1
DFW-ELP,AA,DFW,ELP,0,1
LAS-PDX,WN,LAS,PDX,0,0
ATL-HOU,WN,ATL,HOU,0,0
NYC-DEN,WN,NYC,DEN,0,0
MIA-MSY,B6,MIA,MSY,0,0
DFW-OKC,WN,DFW,OKC,0,0
LAX-HOU,WN,LAX,HOU,2,0
SDF-MIA,WN,SDF,MIA,2,0
SFO-TUS,AS,SFO,TUS,0,0
AUS-MIA,B6,AUS,MIA,0,0
PHX-AUS,AA,PHX,AUS,0,1
PDX-MSP,AS,PDX,MSP,0,0
PHL-DEN,WN,PHL,DEN,0,0
BNA-WAS,WN,BNA,WAS,0,0
BNA-SAT,WN,BNA,SAT,1,0
WAS-MSY,AA,WAS,MSY,0,1
CMH-PHX,WN,CMH,PHX,1,0
PHX-RDU,WN,PHX,RDU,1,0
DFW-MEM,WN,DFW,MEM,0,0
JAX-BOS,AA,JAX,BOS,2,1
SFO-TPA,UA,SFO,TPA,1,1
DEN-ATL,WN,DEN,ATL,0,0
LAX-WAS,UA,LAX,WAS,0,1
DEN-CLT,AA,DEN,CLT,0,1
AUS-PHX,WN,AUS,PHX,1,0
PDX-AUS,AS,PDX,AUS,0,0
SAN-OMA,AS,SAN,OMA,0,0
PHL-TUS,AA,PHL,TUS,2,1
SAN-DFW,WN,SAN,DFW,0,0
ATL-MSP,WN,ATL,MSP,0,0
LAX-WAS,DL,LAX,WAS,0,1
JAX-DEN,DL,JAX,DEN,2,1
LAS-ORD,UA,LAS,ORD,0,1
DEN-NYC,B6,DEN,NYC,0,0
SAN-WAS,WN,SAN,WAS,0,0
MCI-SAN,WN,MCI,SAN,1,0
JAX-MSY,DL,JAX,MSY,2,1
BOS-PHX,B6,BOS,PHX,0,0
BOS-JAX,WN,BOS,JAX,2,0
RDU-HOU,WN,RDU,HOU,0,0
MKE-ATL,WN,MKE,ATL,1,0
WAS-AUS,NK,WAS,AUS,0,0
RDU-SFO,WN,RDU,SFO,2,0
SFO-OMA,WN,SFO,OMA,2,0
CMH-NYC,DL,CMH,NYC,0,1
NYC-MSY,DL,NYC,MSY,0,1
ATL-TPA,WN,ATL,TPA,0,0
TUS-AUS,AA,TUS,AUS,2,1
PHL-TPA,WN,PHL,TPA,1,0
NYC-SAT,AA,NYC,SAT,0,1
RDU-PHX,DL,RDU,PHX,2,1
MIA-BNA,AA,MIA,BNA,0,1
BOS-RDU,WN,BOS,RDU,2,0
PHL-LAX,AS,PHL,LAX,0,0
LAS-DTW,DL,LAS,DTW,0,1
DFW-NYC,WN,DFW,NYC,0,0
ORD-SDF,AA,ORD,SDF,0,1
ABQ-LAX,WN,ABQ,LAX,1,0
WAS-IND,AA,WAS,IND,0,1
NYC-SFO,B6,NYC,SFO,0,0
SMF-DFW,AA,SMF,DFW,0,1
SMF-WAS,UA,SMF,WAS,0,1
DEN-DTW,UA,DEN,DTW,0,1
TUL-HOU,WN,TUL,HOU,1,0
TPA-MCI,WN,TPA,MCI,0,0
MEM-DEN,WN,MEM,DEN,0,0
AUS-DFW,WN,AUS,DFW,0,0
SAT-LAX,WN,SAT,LAX,2,0
OKC-WAS,WN,OKC,WAS,0,0
SAN-ELP,WN,SAN,ELP,0,0
LAX-AUS,DL,LAX,AUS,0,1
NYC-DTW,DL,NYC,DTW,0,1
DTW-SEA,AS,DTW,SEA,0,0
MIA-MSY,WN,MIA,MSY,0,0
MSY-TPA,NK,MSY,TPA,0,0
ORD-PDX,UA,ORD,PDX,0,1
SDF-LAX,WN,SDF,LAX,2,0
BNA-BOS,WN,BNA,BOS,0,0
PHL-MSY,AA,PHL,MSY,0,1
RDU-SEA,AS,RDU,SEA,0,0
ATL-NYC,DL,ATL,NYC,0,1
AUS-RDU,AA,AUS,RDU,2,1
AUS-LAX,AA,AUS,LAX,2,1
BNA-NYC,DL,BNA,NYC,0,1
HOU-DEN,WN,HOU,DEN,0,0
JAX-PHX,AA,JAX,PHX,2,1
CLT-ORD,WN,CLT,ORD,0,0
SEA-ABQ,AS,SEA,ABQ,0,0
SAN-DTW,NK,SAN,DTW,0,0
ATL-MKE,DL,ATL,MKE,0,1
AUS-MIA,WN,AUS,MIA,1,0
LAX-MSY,UA,LAX,MSY,2,1
ATL-MIA,WN,ATL,MIA,0,0
TUL-MSY,WN,TUL,MSY,2,0
MCI-PHL,AA,MCI,PHL,0,1
NYC-TPA,B6,NYC,TPA,0,0
OKC-TPA,WN,OKC,TPA,2,0
SEA-LAS,AS,SEA,LAS,0,0
BOS-IND,WN,BOS,IND,0,0
FAT-PHX,AA,FAT,PHX,0,1
PHL-ORD,AA,PHL,ORD,0,1
ORD-PHF,UA,ORD,PHF,0,1
SFO-TUL,WN,SFO,TUL,2,0
SEA-OMA,AS,SEA,OMA,0,0
NYC-HOU,NK,NYC,HOU,0,0
LAX-LAS,DL,LAX,LAS,0,1
LAX-SAT,WN,LAX,SAT,0,0
SAT-SAN,WN,SAT,SAN,0,0
NYC-IND,UA,NYC,IND,0,1
CLT-HOU,WN,CLT,HOU,0,0
RDU-MIA,WN,RDU,MIA,1,0
MSY-DFW,WN,MSY,DFW,0,0
ELP-AUS,WN,ELP,AUS,0,0
RDU-MIA,DL,RDU,MIA,0,1
BNA-PHL,WN,BNA,PHL,0,0
PHX-DEN,WN,PHX,DEN,0,0
BNA-RDU,DL,BNA,RDU,0,1
LAX-BNA,WN,LAX,BNA,2,0
NYC-DFW,DL,NYC,DFW,0,1
SAT-SEA,AA,SAT,SEA,2,1
SEA-DTW,NK,SEA,DTW,0,0
DEN-LAS,UA,DEN,LAS,0,1
MKE-SAT,WN,MKE,SAT,2,0
RDU-MIA,AA,RDU,MIA,0,1
LAX-PHF,DL,LAX,PHF,2,1
JAX-PHX,DL,JAX,PHX,2,1
BOS-NYC,AA,BOS,NYC,0,1
WAS-OMA,WN,WAS,OMA,0,0
LAS-MCI,NK,LAS,MCI,0,0
BNA-MSY,WN,BNA,MSY,0,0
PHX-ATL,WN,PHX,ATL,1,0
PHX-CMH,WN,PHX,CMH,0,0
SFO-AUS,AS,SFO,AUS,0,0
BNA-WAS,WN,BNA,WAS,1,0
WAS-COS,AA,WAS,COS,2,1
ELP-MSY,WN,ELP,MSY,2,0
BNA-WAS,UA,BNA,WAS,0,1
DTW-HOU,UA,DTW,HOU,0,1
MCI-SEA,WN,MCI,SEA,0,0
BOS-SDF,AA,BOS,SDF,2,1
SAT-MIA,AA,SAT,MIA,0,1
FAT-SEA,AS,FAT,SEA,0,0
BNA-SFO,WN,BNA,SFO,0,0
MCI-MSY,WN,MCI,MSY,0,0
JAX-NYC,DL,JAX,NYC,0,1
BNA-MIA,B6,BNA,MIA,0,0
JAX-PHL,AA,JAX,PHL,0,1
MIA-SEA,AA,MIA,SEA,0,1
ATL-DFW,NK,ATL,DFW,0,0
LAX-CLT,AA,LAX,CLT,0,1
MSY-BNA,WN,MSY,BNA,0,0
CLT-JAX,AA,CLT,JAX,0,1
RDU-PHL,AA,RDU,PHL,0,1
BOS-AUS,AA,BOS,AUS,2,1
OMA-WAS,DL,OMA,WAS,0,1
MSP-CMH,DL,MSP,CMH,0,1
DFW-RDU,WN,DFW,RDU,0,0
PHL-OMA,AA,PHL,OMA,0,1
SAT-NYC,UA,SAT,NYC,0,1
WAS-ATL,NK,WAS,ATL,0,0
SEA-LAX,B6,SEA,LAX,0,0
SAT-HOU,UA,SAT,HOU,0,1
PHX-MIA,AA,PHX,MIA,1,1
SMF-MIA,AA,SMF,MIA,2,1
LAX-NYC,B6,LAX,NYC,0,0
DEN-MKE,WN,DEN,MKE,0,0
SEA-ATL,AS,SEA,ATL,0,0
OMA-AUS,WN,OMA,AUS,2,0
PHX-TUL,WN,PHX,TUL,0,0
JAX-WAS,UA,JAX,WAS,0,1
BOS-DFW,WN,BOS,DFW,0,0
LAX-PHL,AA,LAX,PHL,0,1
MEM-LAX,DL,MEM,LAX,0,1
PHL-SAT,WN,PHL,SAT,2,0
SAN-IND,WN,SAN,IND,2,0
DFW-MKE,AA,DFW,MKE,0,1
MEM-NYC,AA,MEM,NYC,2,1
MSP-SFO,DL,MSP,SFO,0,1
AUS-ELP,WN,AUS,ELP,1,0
LAX-MKE,WN,LAX,MKE,0,0
LAX-OKC,AA,LAX,OKC,0,1
MSY-SFO,WN,MSY,SFO,1,0
IND-SEA,WN,IND,SEA,2,0
DFW-TPA,AA,DFW,TPA,0,1
ORD-DEN,AA,ORD,DEN,0,1
ATL-MSP,DL,ATL,MSP,0,1
PDX-WAS,UA,PDX,WAS,0,1
ORD-SMF,WN,ORD,SMF,0,0
MSP-DEN,WN,MSP,DEN,0,0
BOS-AUS,B6,BOS,AUS,0,0
SFO-MKE,WN,SFO,MKE,2,0
HOU-SFO,NK,HOU,SFO,0,0
SAT-MIA,WN,SAT,MIA,1,0
TPA-DFW,WN,TPA,DFW,1,0
BOS-MKE,DL,BOS,MKE,0,1
TPA-NYC,B6,TPA,NYC,0,0
IND-DTW,DL,IND,DTW,0,1
MIA-ORD,UA,MIA,ORD,0,1
SDF-ORD,WN,SDF,ORD,0,0
MIA-TPA,AA,MIA,TPA,0,1
LAX-OMA,WN,LAX,OMA,1,0
SFO-TPA,AA,SFO,TPA,2,1
LAS-SEA,NK,LAS,SEA,0,0
LAX-AUS,UA,LAX,AUS,0,1
DTW-CMH,DL,DTW,CMH,0,1
LAS-ELP,WN,LAS,ELP,0,0
DEN-BNA,WN,DEN,BNA,0,0
ATL-SMF,DL,ATL,SMF,0,1
ORD-ELP,AA,ORD,ELP,0,1
AUS-ORD,WN,AUS,ORD,1,0
IND-HOU,WN,IND,HOU,1,0
DFW-MIA,AA,DFW,MIA,0,1
BOS-LAS,NK,BOS,LAS,0,0
PHX-RDU,WN,PHX,RDU,0,0
CLT-DTW,DL,CLT,DTW,0,1
ORD-AUS,NK,ORD,AUS,0,0
IND-BOS,WN,IND,BOS,0,0
AUS-DTW,DL,AUS,DTW,0,1
MKE-PHX,WN,MKE,PHX,0,0
MSP-IND,DL,MSP,IND,0,1
ORD-HOU,WN,ORD,HOU,0,0
RDU-NYC,AA,RDU,NYC,0,1
LAS-SEA,WN,LAS,SEA,0,0
MKE-DEN,WN,MKE,DEN,0,0
SAN-DFW,AS,SAN,DFW,0,0
LAX-ATL,DL,LAX,ATL,0,1
SAT-WAS,DL,SAT,WAS,2,1
BOS-LAS,DL,BOS,LAS,0,1
SMF-SAN,AS,SMF,SAN,0,0
PHL-HOU,AA,PHL,HOU,0,1
WAS-MSP,AA,WAS,MSP,0,1
WAS-MIA,UA,WAS,MIA,0,1
SEA-SAT,AS,SEA,SAT,0,0
BOS-PDX,B6,BOS,PDX,0,0
MSP-CLT,DL,MSP,CLT,0,1
ELP-HOU,WN,ELP,HOU,0,0
ELP-SAN,WN,ELP,SAN,0,0
SFO-PDX,UA,SFO,PDX,0,1
PHL-RDU,AA,PHL,RDU,0,1
ELP-ORD,AA,ELP,ORD,0,1
CMH-DFW,WN,CMH,DFW,0,0
LAX-BNA,AA,LAX,BNA,0,1
WAS-SDF,AA,WAS,SDF,0,1
CLT-NYC,DL,CLT,NYC,0,1
DTW-PHF,DL,DTW,PHF,0,1
DTW-NYC,DL,DTW,NYC,0,1
PHX-MIA,WN,PHX,MIA,2,0
WAS-SFO,WN,WAS,SFO,2,0
PHL-PHF,AA,PHL,PHF,0,1
OKC-LAS,WN,OKC,LAS,0,0
RDU-AUS,WN,RDU,AUS,1,0
OMA-LAS,WN,OMA,LAS,0,0
WAS-ORD,WN,WAS,ORD,0,0
SFO-MIA,DL,SFO,MIA,2,1
CLT-NYC,UA,CLT,NYC,0,1
SAT-PHX,WN,SAT,PHX,0,0
PHX-IND,WN,PHX,IND,1,0
DFW-PDX,WN,DFW,PDX,1,0
ORD-BOS,WN,ORD,BOS,0,0
BNA-ORD,WN,BNA,ORD,0,0
SMF-IND,WN,SMF,IND,2,0
SAT-SFO,WN,SAT,SFO,1,0
NYC-BOS,UA,NYC,BOS,0,1
SEA-MSY,UA,SEA,MSY,2,1
DEN-IND,WN,DEN,IND,0,0
ORD-LAS,AA,ORD,LAS,0,1
PHL-BOS,AA,PHL,BOS,0,1
SAN-HOU,NK,SAN,HOU,0,0
BNA-SFO,UA,BNA,SFO,0,1
SAN-SEA,AS,SAN,SEA,0,0
ATL-SAT,DL,ATL,SAT,0,1
SFO-MEM,AA,SFO,MEM,2,1
LAS-DFW,WN,LAS,DFW,0,0
PHX-PDX,WN,PHX,PDX,0,0
TPA-PHL,WN,TPA,PHL,0,0
PDX-SAN,WN,PDX,SAN,1,0
MSP-WAS,DL,MSP,WAS,0,1
ATL-MSP,NK,ATL,MSP,0,0
WAS-RDU,UA,WAS,RDU,0,1
OMA-HOU,WN,OMA,HOU,1,0
HOU-ORD,WN,HOU,ORD,0,0
BOS-PHX,AA,BOS,PHX,1,1
PHX-SFO,WN,PHX,SFO,0,0
SEA-SFO,DL,SEA,SFO,0,1
DFW-SFO,WN,DFW,SFO,0,0
DTW-PHX,WN,DTW,PHX,0,0
MSY-NYC,WN,MSY,NYC,1,0
SAT-ATL,WN,SAT,ATL,1,0
SFO-SDF,WN,SFO,SDF,2,0
PHL-AUS,AA,PHL,AUS,0,1
DFW-BNA,WN,DFW,BNA,0,0
PHX-FAT,AA,PHX,FAT,0,1
MSY-ORD,AA,MSY,ORD,0,1
MSP-ORD,UA,MSP,ORD,0,1
WAS-CMH,UA,WAS,CMH,0,1
SFO-LAX,AS,SFO,LAX,0,0
MCI-BOS,WN,MCI,BOS,2,0
DEN-LAS,NK,DEN,LAS,0,0
SAN-HOU,WN,SAN,HOU,1,0
LAX-MKE,DL,LAX,MKE,2,1
PHX-MKE,WN,PHX,MKE,0,0
ABQ-HOU,UA,ABQ,HOU,0,1
AUS-MCI,WN,AUS,MCI,0,0
HOU-WAS,NK,HOU,WAS,0,0
IND-SAT,WN,IND,SAT,2,0
ORD-DTW,UA,ORD,DTW,0,1
SAN-MCI,WN,SAN,MCI,0,0
AUS-SMF,WN,AUS,SMF,1,0
LAS-ORD,NK,LAS,ORD,0,0
NYC-MEM,UA,NYC,MEM,0,1
SFO-TUS,WN,SFO,TUS,0,0
WAS-OMA,WN,WAS,OMA,1,0
ATL-SAN,DL,ATL,SAN,0,1
MCI-SAT,WN,MCI,SAT,0,0
DFW-ORD,UA,DFW,ORD,0,1
LAX-PHF,AA,LAX,PHF,2,1
LAX-RDU,AA,LAX,RDU,0,1
TUS-DEN,WN,TUS,DEN,0,0
RDU-LAX,AA,RDU,LAX,1,1
DEN-SEA,AS,DEN,SEA,0,0
NYC-MCI,DL,NYC,MCI,0,1
PDX-ORD,AS,PDX,ORD,1,0
SFO-LAS,WN,SFO,LAS,0,0
DTW-BOS,B6,DTW,BOS,0,0
RDU-MIA,NK,RDU,MIA,0,0
BOS-SMF,B6,BOS,SMF,0,0
PHX-ORD,WN,PHX,ORD,0,0
SAN-ABQ,WN,SAN,ABQ,0,0
TUL-BOS,AA,TUL,BOS,2,1
TPA-ORD,WN,TPA,ORD,0,0
TUS-LAX,DL,TUS,LAX,0,1
AUS-LAX,WN,AUS,LAX,1,0
MCI-SFO,AS,MCI,SFO,0,0
LAX-SMF,WN,LAX,SMF,0,0
DTW-BNA,WN,DTW,BNA,0,0
BNA-NYC,UA,BNA,NYC,0,1
DFW-DEN,WN,DFW,DEN,0,0
LAX-MCI,WN,LAX,MCI,2,0
CMH-MSY,WN,CMH,MSY,2,0
PHX-BOS,WN,PHX,BOS,2,0
LAS-LAX,B6,LAS,LAX,0,0
MKE-NYC,UA,MKE,NYC,0,1
IND-NYC,DL,IND,NYC,0,1
WAS-RDU,AA,WAS,RDU,0,1
DEN-AUS,UA,DEN,AUS,0,1
SFO-AUS,WN,SFO,AUS,1,0
DEN-SAT,WN,DEN,SAT,0,0
SFO-SEA,WN,SFO,SEA,0,0
SFO-BOS,DL,SFO,BOS,0,1
NYC-SAN,UA,NYC,SAN,0,1
BOS-RDU,NK,BOS,RDU,0,0
OKC-SFO,WN,OKC,SFO,2,0
IND-WAS,WN,IND,WAS,0,0
PHX-MSP,WN,PHX,MSP,0,0
BNA-DFW,WN,BNA,DFW,0,0
ATL-DEN,UA,ATL,DEN,0,1
LAX-PHL,UA,LAX,PHL,2,1
LAX-DTW,DL,LAX,DTW,1,1
MEM-TPA,WN,MEM,TPA,0,0
BOS-SEA,DL,BOS,SEA,0,1
MCI-LAS,NK,MCI,LAS,0,0
NYC-ORD,UA,NYC,ORD,0,1
RDU-DFW,WN,RDU,DFW,0,0
MSP-TPA,WN,MSP,TPA,2,0
MCI-SAT,WN,MCI,SAT,1,0
LAS-NYC,UA,LAS,NYC,0,1
MKE-SMF,WN,MKE,SMF,2,0
IND-RDU,DL,IND,RDU,0,1
MSY-WAS,AA,MSY,WAS,0,1
ATL-PHL,WN,ATL,PHL,0,0
AUS-RDU,WN,AUS,RDU,2,0
OMA-HOU,WN,OMA,HOU,0,0
AUS-NYC,DL,AUS,NYC,0,1
SFO-RDU,UA,SFO,RDU,0,1
WAS-PHX,UA,WAS,PHX,1,1
BOS-DTW,B6,BOS,DTW,0,0
ELP-SAT,WN,ELP,SAT,0,0
OKC-PHX,WN,OKC,PHX,0,0
PHL-DTW,AA,PHL,DTW,0,1
MEM-DFW,AA,MEM,DFW,0,1
RDU-AUS,DL,RDU,AUS,0,1
IND-ORD,UA,IND,ORD,0,1
FAT-ORD,UA,FAT,ORD,0,1
BNA-MIA,WN,BNA,MIA,1,0
NYC-SEA,UA,NYC,SEA,0,1
BOS-SFO,AS,BOS,SFO,0,0
NYC-DFW,WN,NYC,DFW,0,0
MSY-DEN,UA,MSY,DEN,0,1
MKE-BOS,DL,MKE,BOS,1,1
PDX-MSP,DL,PDX,MSP,0,1
MSP-HOU,DL,MSP,HOU,0,1
AUS-DTW,NK,AUS,DTW,0,0
MCI-LAX,WN,MCI,LAX,2,0
PHL-HOU,WN,PHL,HOU,0,0
DFW-LAX,WN,DFW,LAX,1,0
LAS-TUS,WN,LAS,TUS,0,0
SAN-MSP,DL,SAN,MSP,0,1
PDX-SAN,AS,PDX,SAN,0,0
SMF-SEA,AS,SMF,SEA,0,0
RDU-BOS,AA,RDU,BOS,2,1
SEA-HOU,UA,SEA,HOU,0,1
TUL-NYC,WN,TUL,NYC,2,0
MSP-ORD,DL,MSP,ORD,0,1
TUL-DFW,WN,TUL,DFW,0,0
TUS-SEA,AS,TUS,SEA,0,0
AUS-RDU,WN,AUS,RDU,1,0
HOU-MSY,UA,HOU,MSY,0,1
NYC-BOS,B6,NYC,BOS,0,0
CMH-LAS,WN,CMH,LAS,1,0
WAS-MSP,WN,WAS,MSP,0,0
SAT-DEN,WN,SAT,DEN,0,0
CLT-ORD,UA,CLT,ORD,0,1
ORD-WAS,UA,ORD,WAS,0,1
SAT-SEA,AS,SAT,SEA,0,0
TPA-LAX,WN,TPA,LAX,2,0
SFO-ATL,WN,SFO,ATL,0,0
NYC-MSP,UA,NYC,MSP,0,1
CMH-BOS,WN,CMH,BOS,0,0
AUS-NYC,WN,AUS,NYC,1,0
HOU-RDU,WN,HOU,RDU,1,0
MKE-HOU,WN,MKE,HOU,0,0
BOS-LAS,B6,BOS,LAS,0,0
SMF-DFW,WN,SMF,DFW,1,0
PHF-NYC,DL,PHF,NYC,0,1
HOU-NYC,DL,HOU,NYC,0,1
MSY-HOU,WN,MSY,HOU,0,0
SAT-TUL,WN,SAT,TUL,2,0
DEN-SEA,UA,DEN,SEA,0,1
LAS-SFO,AS,LAS,SFO,0,0
SMF-AUS,WN,SMF,AUS,0,0
AUS-MSP,DL,AUS,MSP,0,1
SDF-NYC,UA,SDF,NYC,0,1
AUS-ABQ,WN,AUS,ABQ,1,0
JAX-DEN,UA,JAX,DEN,0,1
BNA-LAS,WN,BNA,LAS,1,0
ELP-LAX,WN,ELP,LAX,0,0
DEN-LAS,WN,DEN,LAS,0,0
PHL-SAT,AA,PHL,SAT,1,1
BNA-MSP,WN,BNA,MSP,0,0
HOU-MKE,WN,HOU,MKE,0,0
BOS-PHX,AA,BOS,PHX,2,1
DTW-MSY,WN,DTW,MSY,2,0
ATL-DFW,WN,ATL,DFW,0,0
SAT-ATL,DL,SAT,ATL,0,1
LAS-SEA,WN,LAS,SEA,1,0
DFW-PHL,WN,DFW,PHL,0,0
NYC-LAX,UA,NYC,LAX,0,1
DFW-BOS,WN,DFW,BOS,0,0
WAS-MSP,NK,WAS,MSP,0,0
NYC-BNA,WN,NYC,BNA,0,0
PHF-HOU,DL,PHF,HOU,2,1
DTW-LAS,NK,DTW,LAS,0,0
ORD-TPA,UA,ORD,TPA,0,1
ORD-JAX,WN,ORD,JAX,0,0
SFO-WAS,AS,SFO,WAS,0,0
PHX-AUS,WN,PHX,AUS,0,0
DFW-HOU,AA,DFW,HOU,0,1
DFW-CLT,WN,DFW,CLT,1,0
SAN-BNA,WN,SAN,BNA,0,0
MSY-NYC,UA,MSY,NYC,0,1
BOS-MCI,WN,BOS,MCI,2,0
AUS-JAX,WN,AUS,JAX,2,0
LAS-AUS,NK,LAS,AUS,0,0
BOS-DEN,WN,BOS,DEN,2,0
DTW-TPA,NK,DTW,TPA,0,0
BNA-NYC,AA,BNA,NYC,0,1
LAX-MSP,WN,LAX,MSP,2,0
DEN-HOU,WN,DEN,HOU,1,0
MCI-SEA,WN,MCI,SEA,2,0
LAX-CLT,AA,LAX,CLT,1,1
MEM-CLT,AA,MEM,CLT,0,1
DEN-LAX,WN,DEN,LAX,0,0
SEA-CLT,AA,SEA,CLT,0,1
ORD-PHX,UA,ORD,PHX,0,1
AUS-LAX,WN,AUS,LAX,0,0
DTW-SFO,NK,DTW,SFO,0,0
BOS-HOU,B6,BOS,HOU,0,0
MSY-DEN,WN,MSY,DEN,0,0
BOS-WAS,WN,BOS,WAS,0,0
MSP-NYC,DL,MSP,NYC,0,1
HOU-TPA,NK,HOU,TPA,0,0
BOS-PHF,WN,BOS,PHF,2,0
PDX-ORD,WN,PDX,ORD,1,0
SAT-MCI,WN,SAT,MCI,1,0
MCI-RDU,WN,MCI,RDU,1,0
DFW-WAS,NK,DFW,WAS,0,0
SAN-ORD,AA,SAN,ORD,0,1
BOS-DTW,NK,BOS,DTW,0,0
RDU-NYC,B6,RDU,NYC,0,0
MEM-LAX,WN,MEM,LAX,2,0
DEN-LAX,WN,DEN,LAX,1,0
RDU-LAX,WN,RDU,LAX,2,0
SFO-SAN,AS,SFO,SAN,0,0
ABQ-LAX,AA,ABQ,LAX,0,1
LAX-TPA,WN,LAX,TPA,1,0
SAT-HOU,WN,SAT,HOU,0,0
ATL-SAN,WN,ATL,SAN,0,0
JAX-PHF,DL,JAX,PHF,2,1
OKC-MIA,AA,OKC,MIA,2,1
PDX-LAS,WN,PDX,LAS,0,0
DFW-SAN,WN,DFW,SAN,1,0
PDX-LAX,WN,PDX,LAX,2,0
DFW-OMA,AA,DFW,OMA,0,1
JAX-LAS,AA,JAX,LAS,2,1
LAS-SAT,WN,LAS,SAT,0,0
MEM-DFW,WN,MEM,DFW,0,0
HOU-MIA,UA,HOU,MIA,0,1
PDX-SAN,AS,PDX,SAN,1,0
ATL-TUL,DL,ATL,TUL,0,1
LAS-WAS,WN,LAS,WAS,2,0
WAS-BOS,NK,WAS,BOS,0,0
PHL-LAS,AA,PHL,LAS,1,1
PHL-SFO,UA,PHL,SFO,0,1
IND-SAN,AA,IND,SAN,2,1
ELP-WAS,AA,ELP,WAS,2,1
BOS-SAT,UA,BOS,SAT,2,1
SAT-SFO,WN,SAT,SFO,2,0
SAN-NYC,WN,SAN,NYC,2,0
ABQ-WAS,WN,ABQ,WAS,2,0
ATL-PHX,WN,ATL,PHX,0,0
LAX-CMH,AA,LAX,CMH,2,1
LAX-BOS,UA,LAX,BOS,0,1
AUS-SEA,DL,AUS,SEA,0,1
LAX-BOS,B6,LAX,BOS,0,0
NYC-LAX,B6,NYC,LAX,0,0
NYC-ORD,WN,NYC,ORD,0,0
SEA-MIA,AS,SEA,MIA,0,0
ORD-LAX,NK,ORD,LAX,0,0
SAT-SMF,WN,SAT,SMF,2,0
NYC-CLT,UA,NYC,CLT,0,1
ORD-DTW,WN,ORD,DTW,0,0
MSP-ORD,AA,MSP,ORD,0,1
PHX-PHL,WN,PHX,PHL,0,0
CMH-LAS,WN,CMH,LAS,0,0
JAX-WAS,B6,JAX,WAS,0,0
TUS-WAS,AA,TUS,WAS,2,1
LAX-WAS,WN,LAX,WAS,0,0
LAX-MIA,DL,LAX,MIA,2,1
MKE-SFO,DL,MKE,SFO,2,1
MSY-SAN,WN,MSY,SAN,1,0
PHX-SEA,AS,PHX,SEA,0,0
PHF-NYC,AA,PHF,NYC,0,1
DTW-PHX,AA,DTW,PHX,0,1
ORD-HOU,AA,ORD,HOU,0,1
AUS-PHL,WN,AUS,PHL,2,0
DEN-MEM,WN,DEN,MEM,0,0
HOU-MCI,WN,HOU,MCI,0,0
WAS-JAX,WN,WAS,JAX,0,0
DEN-HOU,UA,DEN,HOU,0,1
NYC-RDU,DL,NYC,RDU,0,1
SFO-SAT,WN,SFO,SAT,1,0
LAX-ATL,WN,LAX,ATL,2,0
ORD-TPA,WN,ORD,TPA,0,0
LAS-SAN,DL,LAS,SAN,0,1
SFO-MSY,WN,SFO,MSY,0,0
SAN-LAS,NK,SAN,LAS,0,0
RDU-DTW,NK,RDU,DTW,0,0
LAS-ATL,DL,LAS,ATL,0,1
HOU-IND,WN,HOU,IND,0,0
IND-LAS,WN,IND,LAS,0,0
DFW-BOS,B6,DFW,BOS,0,0
SAT-WAS,WN,SAT,WAS,2,0
DEN-SMF,WN,DEN,SMF,1,0
MIA-DEN,NK,MIA,DEN,0,0
PHL-SFO,AS,PHL,SFO,0,0
MCI-ABQ,WN,MCI,ABQ,0,0
AUS-WAS,WN,AUS,WAS,1,0
DEN-CLT,UA,DEN,CLT,0,1
SFO-BNA,WN,SFO,BNA,1,0
LAX-AUS,WN,LAX,AUS,1,0
ELP-ORD,WN,ELP,ORD,2,0
AUS-SFO,WN,AUS,SFO,0,0
PHL-MSP,AA,PHL,MSP,0,1
ATL-SEA,DL,ATL,SEA,1,1
CLT-SAN,AA,CLT,SAN,0,1
BOS-PHX,WN,BOS,PHX,2,0
DFW-ORD,WN,DFW,ORD,0,0
LAX-DFW,WN,LAX,DFW,1,0
SAN-PDX,WN,SAN,PDX,1,0
SMF-WAS,UA,SMF,WAS,1,1
NYC-LAS,NK,NYC,LAS,0,0
SFO-TPA,WN,SFO,TPA,2,0
DEN-ABQ,UA,DEN,ABQ,0,1
NYC-SDF,AA,NYC,SDF,0,1
SAN-MSP,AS,SAN,MSP,0,0
NYC-MKE,DL,NYC,MKE,0,1
MSY-DEN,NK,MSY,DEN,0,0
SFO-AUS,UA,SFO,AUS,0,1
CLT-NYC,AA,CLT,NYC,0,1
TUL-SAT,WN,TUL,SAT,2,0
LAX-OMA,WN,LAX,OMA,2,0
TUL-DEN,WN,TUL,DEN,0,0
HOU-ELP,UA,HOU,ELP,0,1
LAX-MSY,WN,LAX,MSY,2,0
ORD-OKC,AA,ORD,OKC,0,1
BOS-BNA,WN,BOS,BNA,2,0
PHX-SMF,AA,PHX,SMF,0,1
MSY-DTW,NK,MSY,DTW,0,0
MEM-SEA,AA,MEM,SEA,2,1
PDX-DFW,AS,PDX,DFW,0,0
SAN-WAS,WN,SAN,WAS,2,0
LAX-BNA,UA,LAX,BNA,2,1
NYC-BNA,UA,NYC,BNA,0,1
BOS-DFW,DL,BOS,DFW,2,1
PHF-TPA,AA,PHF,TPA,2,1
OMA-BOS,DL,OMA,BOS,2,1
LAS-MIA,WN,LAS,MIA,1,0
ATL-IND,DL,ATL,IND,0,1
HOU-PHX,UA,HOU,PHX,0,1
SMF-WAS,WN,SMF,WAS,2,0
DFW-PDX,WN,DFW,PDX,0,0
NYC-IND,DL,NYC,IND,0,1
MIA-LAS,WN,MIA,LAS,0,0
NYC-ATL,B6,NYC,ATL,0,0
LAS-NYC,WN,LAS,NYC,2,0
LAX-MIA,AA,LAX,MIA,2,1
PDX-LAX,WN,PDX,LAX,1,0
SMF-ORD,WN,SMF,ORD,2,0
MIA-NYC,B6,MIA,NYC,0,0
SAT-NYC,WN,SAT,NYC,2,0
DEN-CMH,UA,DEN,CMH,0,1
MCI-DFW,WN,MCI,DFW,0,0
DTW-SAT,WN,DTW,SAT,2,0
AUS-PHX,AA,AUS,PHX,0,1
TUL-TPA,WN,TUL,TPA,2,0
TPA-BOS,B6,TPA,BOS,0,0
DTW-LAS,DL,DTW,LAS,0,1
SAT-BNA,WN,SAT,BNA,0,0
TPA-DEN,WN,TPA,DEN,1,0
SFO-TUS,UA,SFO,TUS,0,1
PHX-SDF,WN,PHX,SDF,1,0
ELP-LAX,WN,ELP,LAX,2,0
ORD-CLT,AA,ORD,CLT,0,1
DTW-AUS,DL,DTW,AUS,0,1
CMH-PDX,WN,CMH,PDX,2,0
WAS-LAX,AA,WAS,LAX,0,1
MSP-MIA,DL,MSP,MIA,1,1
TPA-MSY,WN,TPA,MSY,0,0
CMH-TPA,WN,CMH,TPA,0,0
SAT-NYC,DL,SAT,NYC,0,1
ORD-MIA,WN,ORD,MIA,1,0
PHL-TPA,AA,PHL,TPA,0,1
DTW-MSP,DL,DTW,MSP,0,1
SFO-IND,WN,SFO,IND,0,0
BNA-SEA,AS,BNA,SEA,0,0
RDU-NYC,UA,RDU,NYC,0,1
MCI-PHX,WN,MCI,PHX,0,0
DFW-PHX,NK,DFW,PHX,0,0
MKE-LAX,WN,MKE,LAX,1,0
CMH-ORD,WN,CMH,ORD,0,0
ATL-ELP,DL,ATL,ELP,0,1
SMF-PHX,WN,SMF,PHX,0,0
MIA-NYC,DL,MIA,NYC,0,1
ORD-MSP,AA,ORD,MSP,0,1
HOU-ABQ,UA,HOU,ABQ,0,1
SAN-SAT,WN,SAN,SAT,0,0
LAX-MCI,AA,LAX,MCI,2,1
LAS-CLT,AA,LAS,CLT,0,1
ATL-AUS,NK,ATL,AUS,0,0
PDX-SEA,AS,PDX,SEA,0,0
DTW-MSY,DL,DTW,MSY,0,1
LAX-SAT,AA,LAX,SAT,2,1
TPA-LAS,UA,TPA,LAS,2,1
TPA-BOS,WN,TPA,BOS,2,0
PHX-MIA,B6,PHX,MIA,0,0
SFO-WAS,WN,SFO,WAS,2,0
MIA-BOS,DL,MIA,BOS,0,1
ABQ-SMF,WN,ABQ,SMF,2,0
JAX-HOU,WN,JAX,HOU,0,0
BOS-SAN,WN,BOS,SAN,2,0
MCI-DTW,DL,MCI,DTW,0,1
CLT-MSY,AA,CLT,MSY,0,1
OKC-LAX,WN,OKC,LAX,2,0
SDF-DFW,WN,SDF,DFW,0,0
MIA-AUS,WN,MIA,AUS,0,0
LAX-TPA,AA,LAX,TPA,2,1
SMF-HOU,WN,SMF,HOU,2,0
PHX-DEN,AA,PHX,DEN,0,1
ORD-MSY,WN,ORD,MSY,0,0
DTW-JAX,DL,DTW,JAX,0,1
MSY-NYC,WN,MSY,NYC,0,0
TPA-DFW,WN,TPA,DFW,0,0
RDU-ORD,DL,RDU,ORD,0,1
BNA-DTW,WN,BNA,DTW,0,0
CLT-BOS,AA,CLT,BOS,1,1
MSY-LAX,WN,MSY,LAX,0,0
TPA-IND,G4,TPA,IND,0,0
PDX-BNA,SY,PDX,BNA,0,0
MSP-PDX,SY,MSP,PDX,0,0
LAS-MEM,G4,LAS,MEM,0,0
DEN-MSP,SY,DEN,MSP,0,0
SEA-MSP,SY,SEA,MSP,0,0
LAS-MSP,SY,LAS,MSP,0,0
LAS-SFO,G4,LAS,SFO,0,0
TUL-LAS,G4,TUL,LAS,0,0
OMA-LAS,G4,OMA,LAS,0,0
PHF-TPA,G4,PHF,TPA,0,0
MIA-PHF,G4,MIA,PHF,0,0
MSP-ORD,SY,MSP,ORD,0,0
BOS-MSP,SY,BOS,MSP,0,0
PDX-LAS,SY,PDX,LAS,0,0
LAS-AUS,G4,LAS,AUS,0,0
LAX-MSP,SY,LAX,MSP,0,0
OKC-LAS,G4,OKC,LAS,0,0
SDF-LAS,G4,SDF,LAS,0,0
PHL-MSP,SY,PHL,MSP,0,0
TPA-MEM,G4,TPA,MEM,0,0
AUS-MEM,G4,AUS,MEM,0,0
AUS-LAS,G4,AUS,LAS,0,0
TPA-CMH,G4,TPA,CMH,0,0
MEM-MIA,G4,MEM,MIA,0,0
IND-JAX,G4,IND,JAX,0,0
MSP-TPA,SY,MSP,TPA,0,0
MSP-SAT,SY,MSP,SAT,0,0
BNA-LAX,SY,BNA,LAX,0,0
LAS-FAT,G4,LAS,FAT,0,0
LAX-OKC,G4,LAX,OKC,0,0
OKC-LAX,G4,OKC,LAX,0,0
TPA-SDF,G4,TPA,SDF,0,0
DFW-LAS,SY,DFW,LAS,0,0
PDX-MSP,SY,PDX,MSP,0,0
SDF-TPA,G4,SDF,TPA,0,0
PHF-MIA,G4,PHF,MIA,0,0
CMH-JAX,G4,CMH,JAX,0,0
MSP-BNA,SY,MSP,BNA,0,0
MEM-AUS,G4,MEM,AUS,0,0
RDU-MSY,G4,RDU,MSY,0,0
LAX-TUL,G4,LAX,TUL,0,0
TPA-PHF,G4,TPA,PHF,0,0
PHX-MEM,G4,PHX,MEM,0,0
MSP-SFO,SY,MSP,SFO,0,0
IND-TPA,G4,IND,TPA,0,0
MEM-LAS,G4,MEM,LAS,0,0
MSP-PHL,SY,MSP,PHL,0,0
FAT-LAS,G4,FAT,LAS,0,0
MSP-LAX,SY,MSP,LAX,0,0
ELP-SAN,G4,ELP,SAN,0,0
MSP-NYC,SY,MSP,NYC,0,0
MEM-TPA,G4,MEM,TPA,0,0
ABQ-LAS,G4,ABQ,LAS,0,0
MSP-AUS,SY,MSP,AUS,0,0
MIA-MEM,G4,MIA,MEM,0,0
MKE-TPA,G4,MKE,TPA,0,0
JAX-PHF,G4,JAX,PHF,0,0
SAT-LAS,G4,SAT,LAS,0,0
MSP-LAS,SY,MSP,LAS,0,0
AUS-IND,G4,AUS,IND,0,0
MSP-MIA,SY,MSP,MIA,0,0
MSP-PHX,SY,MSP,PHX,0,0
BNA-TPA,G4,BNA,TPA,0,0
MSP-WAS,SY,MSP,WAS,0,0
CMH-MIA,G4,CMH,MIA,0,0
IND-LAS,G4,IND,LAS,0,0
IND-MIA,G4,IND,MIA,0,0
ABQ-AUS,G4,ABQ,AUS,0,0
MEM-LAX,G4,MEM,LAX,0,0
MSP-DEN,SY,MSP,DEN,0,0
BNA-BOS,SY,BNA,BOS,0,0
AUS-ABQ,G4,AUS,ABQ,0,0
MCI-TPA,G4,MCI,TPA,0,0
MIA-IND,G4,MIA,IND,0,0
SDF-MIA,G4,SDF,MIA,0,0
MSP-SEA,SY,MSP,SEA,0,0
TPA-BNA,G4,TPA,BNA,0,0
BOS-BNA,SY,BOS,BNA,0,0
OMA-PHX,G4,OMA,PHX,0,0
PHX-OMA,G4,PHX,OMA,0,0
SAN-MSP,SY,SAN,MSP,0,0
MSP-BOS,SY,MSP,BOS,0,0
LAX-BNA,SY,LAX,BNA,0,0
LAS-PHX,G4,LAS,PHX,0,0
MIA-SDF,G4,MIA,SDF,0,0
MSP-SAN,SY,MSP,SAN,0,0
TUL-LAX,G4,TUL,LAX,0,0
IND-AUS,G4,IND,AUS,0,0
TUL-TPA,G4,TUL,TPA,0,0
ELP-LAS,G4,ELP,LAS,0,0
OMA-TPA,G4,OMA,TPA,0,0
SFO-MSP,SY,SFO,MSP,0,0
PHX-LAS,G4,PHX,LAS,0,0
CMH-TPA,G4,CMH,TPA,0,0
PHX-MSP,SY,PHX,MSP,0,0
MSP-MSY,SY,MSP,MSY,0,0
